



Insert into CP_CATEGORY (ID,PATH,NAME) values (1,'Development.Programming_Language.Python','Python');
Insert into CP_CATEGORY (ID,PATH,NAME) values (2,'Development.Programming_Language.Java','Java');
Insert into CP_CATEGORY (ID,PATH,NAME) values (3,'Development.Programming_Language.Csharp','C#');
Insert into CP_CATEGORY (ID,PATH,NAME) values (4,'Development.Programming_Language.ReactJS','React JS');
Insert into CP_CATEGORY (ID,PATH,NAME) values (5,'Development.Programming_Language.Cplusplus','C++');
Insert into CP_CATEGORY (ID,PATH,NAME) values (6,'Development.Programming_Language.JavaScript','JavaScript');
Insert into CP_CATEGORY (ID,PATH,NAME) values (7,'Development.Programming_Language.C','C');
Insert into CP_CATEGORY (ID,PATH,NAME) values (8,'Development.Programming_Language.Go','Go');
Insert into CP_CATEGORY (ID,PATH,NAME) values (9,'Development.Web_Development.Angular','Angular');
Insert into CP_CATEGORY (ID,PATH,NAME) values (10,'Development.Web_Development.CSS','CSS');
Insert into CP_CATEGORY (ID,PATH,NAME) values (11,'Development.Web_Development.NodeJS','Node.Js');
Insert into CP_CATEGORY (ID,PATH,NAME) values (12,'Development.Web_Development.Typescript','Typescript');
Insert into CP_CATEGORY (ID,PATH,NAME) values (13,'Development.Data_Science.Machine_Learning','Machine Learning');
Insert into CP_CATEGORY (ID,PATH,NAME) values (14,'Development.Data_Science.ChatGPT','ChatGPT');
Insert into CP_CATEGORY (ID,PATH,NAME) values (15,'Development.Data_Science.TensorFlow','TensorFlow');
Insert into CP_CATEGORY (ID,PATH,NAME) values (16,'IT_Software.Other_IT_Software.System_Design','System Design');
Insert into CP_CATEGORY (ID,PATH,NAME) values (17,'IT_Software.Other_IT_Software.DevOps','DevOps');




Insert into CP_COURSE (ID,NAME,INSTRUCTOR_ID,OVERVIEW,LEARNING_OUTCOMES,PREREQUISITES,DESCRIPTION,RATING,CATEGORY_ID,LEVEL,PRICE,IMAGE_ID,DISCOUNT,LANGUAGE,STATUS) values (1,
																													  '100 Days of Code:The Complete Python Pro Bootcamp for 2023',
																													  5,
																													  'Master Python by building 100 projects in 100 days. Learn data science, automation, build websites, games and apps!',
																													'Master the Python programming language by building 100 unique projects over 100 days!Learn automation, game, app and web development, data science and machine learning all using Python!Be able to program in Python professionally!Be able to build fully fledged websites and web apps with Python',
																													 'No programming experience needed - I''ll teach you everything you need to know!A Mac or PC computer with access to the internet!No paid software required - I''ll teach you how to use PyCharm, Jupyter Notebooks and Google Colab!I''ll walk you through, step-by-step how to get all the software installed and set up',
																													'<p>Welcome to the 100 Days of Code - The Complete Python Pro Bootcamp,<strong>&nbsp;the only course you need</strong>&nbsp;to learn to code with Python. With over 500,000&nbsp;<strong>5 STAR reviews</strong>&nbsp;and a 4.8 average, my courses are some of the HIGHEST&nbsp;RATED courses in the history of Udemy!&nbsp;&nbsp;</p><p><strong>100 days, 1 hour per day, learn to build 1 project per day, this is how you master Python.</strong></p><p>At 60+ hours, this Python course is without a doubt the&nbsp;<strong>most comprehensive&nbsp;</strong>Python course available anywhere online. Even if you have&nbsp;<strong>zero</strong>&nbsp;programming experience, this course will take you from&nbsp;<strong>beginner to professional</strong>. Here''s why:</p><ul><li><p>The course is taught by the&nbsp;<strong>lead instructor</strong>&nbsp;at the App Brewery, London''s&nbsp;<strong>best in-person programming Bootcamp</strong>.</p></li><li><p>The course has been updated to be&nbsp;<strong>2023 ready&nbsp;</strong>and you''ll be learning the latest tools and technologies used at large companies such as Apple, Google and Netflix.</p></li><li><p>This course doesn''t cut any corners, there are beautiful&nbsp;<strong>animated explanation videos</strong>&nbsp;and tens of&nbsp;<strong>real-world projects</strong>&nbsp;which you will get to build. e.g. Tinder auto swiper, Snake game, Blog Website, LinkedIn Auto Submit Job Application</p></li><li><p>The curriculum was developed over a period of<strong>&nbsp;2 years</strong>, with comprehensive student testing and feedback.</p></li><li><p>We''ve taught over 600,000 students how to code and many have gone on to&nbsp;<strong>change their lives&nbsp;</strong>by becoming professional developers or starting their own tech startup.</p></li><li><p>You''ll save yourself&nbsp;<strong>over $12,000&nbsp;</strong>by enrolling, and still get access to the same teaching materials and learn from the same instructor and curriculum as our in-person programming Bootcamp.</p></li><li><p>The course is&nbsp;<strong>constantly updated</strong>&nbsp;with new content, with new projects and modules determined by students - that''s you!</p></li></ul><p>&nbsp;</p><p>We''ll take you&nbsp;<strong>step-by-step</strong>&nbsp;through engaging video tutorials and teach you everything you need to know to succeed as a Python developer.</p><p>The course includes over&nbsp;<strong>65 hours</strong>&nbsp;of HD video tutorials and builds your programming knowledge while making real-world Python projects.</p>',
																													4.7,
																													1,
																													'Expert',
																													14.99,
																													1,
																													null,
																													'English',
																													'Published');
																													
Insert into CP_COURSE (ID,NAME,INSTRUCTOR_ID,OVERVIEW,LEARNING_OUTCOMES,PREREQUISITES,DESCRIPTION,RATING,CATEGORY_ID,LEVEL,PRICE,IMAGE_ID,DISCOUNT,LANGUAGE,STATUS) values (2,
																												   'System Design Interview Guide for Software Architecture',
																												   4,
																												   'Mastering High Level System Design Interview | Software Architecture case studies | Design patterns | Microservices',
																												   'Strategy to crack your next High Level System Design Interview!Learn about Distributed Sytems, Microservices Architecture, Databases, Software Architecture, Analytics, and Design Patterns!Solutions to the most common Interview Questions at FAANGs!Become an expert at High Level System Design!Set yourself up for success with quizzes and coding problems',
																												   'Prerequisites are basic knowledge of Computer science, but this course is ideally meant for people who are planning on giving Software Engineering interviews, and want to get a quick crash course on System Design before the real interview.',
																												   '<p>Are you preparing for a&nbsp;<strong>System Design interview</strong>? Do you want to learn the best practices and techniques for designing scalable and distributed systems? Look no further!</p><p>Our course on System Design is designed to give you a comprehensive understanding of key concepts and frameworks to help you&nbsp;<strong>ace your interview&nbsp;</strong>and excel in your career.</p><p>&nbsp;</p><p>You should go through this course in five scenarios:</p><ol><li><p>If you have a&nbsp;<strong>System Design interview</strong>&nbsp;coming up and want a quick crash course.</p></li><li><p>To learn about Software Architecture, Data modeling, Distributed systems, Databases, Microservices based architecture, and Cloud architecture.</p></li><li><p>If you are designing a new system at work, and want to make sure you get it right.</p></li><li><p>If you want to look at some case studies of how some of FAANGs and other companies have built their systems.</p></li><li><p>Look at solutions to some of the most common&nbsp;<strong>Interview questions</strong></p></li></ol><p>As part of this course, we''ll go through some of the conceptual things, some do''s and don''ts, and most importantly we''ll be looking at some of the biggest systems out there and how you could design those. There is a good probability that your next interview has one of these questions either exactly, or with some small variation.</p>',
																												   4.4,
																												   16,
																												   'Intermediate',
																												   14.99,
																												   2,
																												   null,
																													'English',
																													'Published');

Insert into CP_COURSE (ID,NAME,INSTRUCTOR_ID,OVERVIEW,LEARNING_OUTCOMES,PREREQUISITES,DESCRIPTION,RATING,CATEGORY_ID,LEVEL,PRICE,IMAGE_ID,DISCOUNT,LANGUAGE,STATUS) values (3,
																													'Angular - The Complete Guide (2023 Edition)',
																													3,
																													'Master Angular (formerly "Angular 2") and build awesome, reactive web apps with the successor of Angular.js',
																													'Develop modern, complex, responsive and scalable web applications with Angular!Fully understand the architecture behind an Angular application and how to use it!Use the gained, deep understanding of the Angular fundamentals to quickly establish yourself as a frontend developer!Create single-page applications with one of the most modern JavaScript frameworks out there',
																													'NO Angular 1 or Angular 2+ knowledge is required!Basic HTML and CSS knowledge helps, but isn''t a must-have!Prior TypeScript knowledge also helps but isn''t necessary to benefit from this course!Basic JavaScript knowledge is required',
																													'<p><strong>Join the most comprehensive and bestselling Angular course on Udemy and learn all about this amazing framework from the ground up, in great depth!</strong></p><p><strong>This course starts from scratch, you neither need to know Angular 1 nor Angular 2!</strong></p><p>From&nbsp;<strong>Setup</strong>&nbsp;to&nbsp;<strong>Deployment</strong>, this course covers it all! You''ll learn all about&nbsp;<strong>Components</strong>,&nbsp;<strong>Directives</strong>,&nbsp;<strong>Services</strong>,&nbsp;<strong>Forms</strong>,&nbsp;<strong>Http</strong>&nbsp;Access,&nbsp;<strong>Authentication, Optimizing an Angular&nbsp;App with Modules and Offline Compilation</strong>&nbsp;and&nbsp;<strong>much more&nbsp;</strong>- and in the end:&nbsp;You''ll learn how to&nbsp;<strong>deploy</strong>&nbsp;<strong>an application</strong>!</p><p><strong>But that''s not all!</strong>&nbsp;This course will also show you how to use the&nbsp;<strong>Angular&nbsp;CLI</strong>&nbsp;and feature a&nbsp;<strong>complete project</strong>, which allows you to practice the things learned throughout the course!</p><p>And if you do get stuck, you&nbsp;<strong>benefit from an extremely fast and friendly support</strong>&nbsp;- both via direct messaging or discussion. You have my word!&nbsp;;-)</p><p>Angular is one of the most modern, performance-efficient and powerful frontend frameworks you can learn as of today. It allows you to build great web apps which offer awesome user experiences!<strong>&nbsp;Learn all the fundamentals you need to know to get started developing Angular&nbsp;applications right away.</strong></p>',
																													4.6,
																													9,
																													'Intermediate',
																													19.99,
																													3,
																													null,
																													'English',
																													'Published');

Insert into CP_COURSE (ID,NAME,INSTRUCTOR_ID,OVERVIEW,LEARNING_OUTCOMES,PREREQUISITES,DESCRIPTION,RATING,CATEGORY_ID,LEVEL,PRICE,IMAGE_ID,DISCOUNT,LANGUAGE,STATUS) values (4,
																												   'The Ultimate React Course 2023:React, Redux & More',
																												   3,
																												   'Master modern React from beginner to advanced! Context API, React Query, Redux Toolkit, Tailwind, advanced patterns',
																												   'Become an advanced, confident, and modern React developer from scratch!Build 8+ beautiful projects, including one HUGE professional real-world app!Become job-ready by working with libraries and tools used in professional projects!Join my other 1,500,000+ happy students on this journey!Think like a senior React engineer with advanced design patterns!React fundamentals: components, JSX, props, events, state, forms',
																													'NO React experience necessary. I take you from beginner to expert!Basic understanding of JavaScript is required (this course contains a quick JavaScript review section)!Any computer and OS will work — Windows, macOS or Linux',
																													'<p>In 2023, React is still the #1 skill to learn if you want to become a successful front-end developer!</p><p>But it can be hard. There are so many moving parts, so many different libraries, so many tutorials out there.</p><p>That''s why you came here... And you came to the right place! This is&nbsp;<strong>THE</strong>&nbsp;ultimate React course for 2023 and beyond.</p><p><strong><em>A practice-heavy approach to master React by building polished apps, backed up by diagrams, theory, and looks under the hood of React.</em></strong></p><p>The all-in-one package that takes you from zero to truly understanding React and building modern, powerful, and professional web applications.</p><p>Real projects. Real explanations. Real React.</p>',
																												   4.9,
																												   4,
																												   'Intermediate',
																												   19.99,
																												   4,
																												   1,
																													'English',
																													'Published');



Insert into CP_COURSE (ID,NAME,INSTRUCTOR_ID,OVERVIEW,LEARNING_OUTCOMES,PREREQUISITES,DESCRIPTION,RATING,CATEGORY_ID,LEVEL,PRICE,IMAGE_ID,DISCOUNT,LANGUAGE,STATUS) values (5,
																												   'The Ultimate Java Mastery Series',
																												   6,
																												   'The most popular programming language underpinning most apps and websites',
																												   'Master the fundamentals of Java programming!Troubleshoot and fix common Java errors!Learn object-oriented programming (OOP) principles and apply them in Java!Dive into advanced Java concepts such as generics, lambda expressions, and functional programming!Explore multithreading and concurrent programming in Java',
																													'I''ve carefully designed this series to help people at varying skill levels. If you''re a beginner, you should start from the first part. If you''re already familiar with Java, the next two parts are structured sequentially, so you can jump right in at a level that’s perfect for you.',
																													'<p>Are you ready to take your programming skills to the next level? Our comprehensive Java course is designed to help you build a solid foundation in one of the world&apos;s most popular programming languages, opening up a world of opportunities for your career.</p><p>Join us as we guide you through the essentials of Java, from basic syntax and data structures to advanced concepts like lambda expressions, inheritance, and stream operations. With our interactive course format, you&apos;ll have access to workbooks and challenges that will help you apply your newfound knowledge and reinforce your learning.</p><p>Here&apos;s a sneak peek into what you can expect in this course:</p><p><strong>Module 1: Java Fundamentals</strong></p><ul><li><p>Variables</p></li><li><p>Conditionals</p></li><li><p>Functions</p></li><li><p>Loops</p></li><li><p>Arrays</p></li></ul><p><strong>Module 2: Object-Oriented Programming</strong></p><ul><li><p>Objects</p></li><li><p>Immutable Objects</p></li><li><p>List Collections</p></li><li><p>Map Collections</p></li><li><p>Exception Handling</p></li><li><p>Enums</p></li><li><p>Inheritance</p></li><li><p>Higher-order Functions</p></li><li><p>Lambda Expressions</p></li><li><p>Stream Operations</p></li><li><p>Interfaces</p></li></ul><p><strong>Interactive Learning Experience</strong> - Our course is designed with your success in mind. Hundreds of Workbooks and challenges will help you practice and apply what you&apos;ve learned, ensuring you&apos;re ready to tackle real-world problems.</p><p><strong>Boost Your Career Prospects</strong> - With a thorough understanding of Java, you&apos;ll be well-equipped to excel in various domains like web development, mobile app development, automation, and more.</p><p><br></p><p>Don&apos;t miss out on this opportunity to enhance your programming skills and gain a competitive edge in the industry. Enroll in our Java course today and get ready to transform your programming journey! We can&apos;t wait to see you in class!</p><p><br></p>',
																												   4.2,
																												   2,
																												   'Beginner',
																												   24.99,
																												   5,
																												   null,
																													'English',
																													'Published');

Insert into CP_COURSE (ID,NAME,INSTRUCTOR_ID,OVERVIEW,LEARNING_OUTCOMES,PREREQUISITES,DESCRIPTION,RATING,CATEGORY_ID,LEVEL,PRICE,IMAGE_ID,DISCOUNT,LANGUAGE,STATUS) values (6,
																												   '机器学习 A-Z (Machine Learning A-Z in Chinese)',
																												   7,
																												   '全面建立机器学习的知识架构，并且在Python和R里构建不同的机器学习模型。课程内容包括所有的代码模板',
																												   '利用机器学习创造更多价值!深刻理解各种机器学习的模型!做出准确的预测和强大的分析!利用机器学习创造更多价值!利用机器学习解决私人问题!掌握并熟练处理强大的算法，例如强化学习，自然语言处理，还有深度学习',
																													'高中数学知识即可',
																													'<p>想了解机器学习？这门课程为您订做！</p><p>这门课程是英文课程Machine Learning A-Z的翻译和再创造。原版英文课程是Udemy上最畅销的机器学习课程。您在这门课里，会用深入浅出的方法学会复杂的模型，算法，还有基础的编程语句。</p><p>我们会手把手地教会您机器学习。每一节课都会让您获得新的知识，完备机器学习的知识架构，在享受机器学习的同时对这个领域有更深的理解。</p><p>这门课程十分有趣，包含了机器学习的方方面面。课程结构如下：</p><ul><li>第一部分 -&nbsp;数据预处理</li><li>第二部分&nbsp;-&nbsp;回归：简单线性回归，多元线性回归，多项式回归</li><li>第三部分&nbsp;-&nbsp;分类：逻辑回归，支持向量机（SVM），核函数与支持向量机（Kernel SVM），朴素贝叶斯，决策树分类，随机森林分类</li><li>第四部分&nbsp;-&nbsp;聚类：K-平均聚类分析</li><li>第五部分&nbsp;-&nbsp;关联规则学习：先验算法</li><li>第六部分 (待更新)&nbsp;-&nbsp;强化学习：置信区间上界算法（UCB），Thompson抽样算法</li><li>第七部分&nbsp;(待更新)&nbsp;-&nbsp;自然语言处理&nbsp;：自然语言处理算法</li><li>第八部分&nbsp;(待更新)&nbsp;-&nbsp;深度学习：人工神经网络，卷积神经网络</li><li>第九部分&nbsp;(待更新)&nbsp;-&nbsp;降维（Dimensionality Reduction）：主成分分析 （PCA），核函数主成分分析（Kernel PCA）</li><li>第十部分&nbsp;(待更新)&nbsp;-&nbsp;模型选择：模型选择，极端梯度上升</li></ul><p>对于每个模型，除了学会理论基础之外，您还会学习如何将这些模型运用到各种实际生活的案例里，并且课程也包括Python和R的代码模板，您可以下载并且直接将代码运用到您自己的项目里。</p>',
																												   4.6,
																												   13,
																												   'Beginner',
																												   34.99,
																												   6,
																												   null,
																													'Chinese',
																													'Published');
																													
Insert into CP_COURSE (ID,NAME,INSTRUCTOR_ID,OVERVIEW,LEARNING_OUTCOMES,PREREQUISITES,DESCRIPTION,RATING,CATEGORY_ID,LEVEL,PRICE,IMAGE_ID,DISCOUNT,LANGUAGE,STATUS) values (7,
																												   'Learn DevOps: CI/CD with Jenkins using Pipelines and Docker',
																												   8,
																												   'Use Jenkins the DevOps way. Automate your Jenkins jobs by using Jenkins Pipelines, Docker, and the Jenkins Job DSL',
																												   'Use Jenkins to perform Continuous Integration within your Software Development Lifecycle!Configure Jenkins “The DevOps way”, using Docker, Jobs DSL and Jenkins Pipelines!Configure the authentication and authorization options to tighten security on your Jenkins UI!Use plugins to integrate Jenkins with popular development software',
																													'You should have an understanding about software development in general!You''ll need to be able to install Jenkins on a PC or Cloud instance.',
																													'<p><strong>Jenkins is the most popular tool</strong> to do&nbsp;<strong>Continuous Integration</strong>and&nbsp;<strong>Continuous Delivery</strong> of your software:</p><ul><li><p>It&rsquo;s&nbsp;<strong>free and open source</strong></p></li><li><p>It has a&nbsp;<strong>strong community</strong> with thousands of plugins you can use</p></li><li><p>Jenkins is used in a lot of companies, from&nbsp;<strong>startups</strong> to&nbsp;<strong>enterprises</strong></p></li></ul><p>This course will teach you how to use Jenkins using the Jenkins DSL and Jenkins Pipelines (Jenkinsfile). It&apos;s a new way of using Jenkins, rather than using freestyle projects. I call it using Jenkins,&nbsp;<strong>the DevOps way</strong>! I&apos;ll explain you about infrastructure as code and automation to make sure you understand how Jenkins Pipelines fits within this new way of thinking.&nbsp;</p><p>I&apos;ll show you how to integrate Jenkins Pipelines with popular software tools, like:</p><ul><li><p>Docker</p></li><li><p>GitHub /&nbsp;Bitbucket</p></li><li><p>JFrog Artifactory</p></li><li><p>SonarQube</p></li><li><p>Onelogin (Using SAML)</p></li></ul><p>If you&rsquo;re looking for a job in the&nbsp;<strong>DevOps</strong> <strong>space</strong>, Jenkins is a must have skill.</p><p>I explain in the course how to install Jenkins if you don&apos;t have an installed version yet. You&apos;ll need a Ubuntu 20.04.x VM or cloud instance to follow the installation procedure. In the demos I will be using DigitalOcean as a cloud provider, but you are free to use any provider or VM (VMWare/Virtualbox, AWS, Azure, Google Cloud, etc). I&apos;ll be assisting you in the Q&amp;A if you have any problems setting up Jenkins.</p>',
																												   4.3,
																												   17,
																												   'Expert',
																												   19.99,
																												   7,
																												   null,
																													'English',
																													'Published');
Insert into CP_COURSE (ID,NAME,INSTRUCTOR_ID,OVERVIEW,LEARNING_OUTCOMES,PREREQUISITES,DESCRIPTION,RATING,CATEGORY_ID,LEVEL,PRICE,IMAGE_ID,DISCOUNT,LANGUAGE,STATUS) values (8,
																												   'NodeJS 后端编程语言入门',
																												   9,
																												   '通过实践练习和项目，学习成为Node.js开发人员所需的一切',
																												   '掌握NodeJS如何工作的原理!理解NodeJS背后的Javascript和技术概念!在Node中构建一个Web服务器，并了解它是如何工作的!使用Express更轻松地构建Web应用程序和API!连接到Node中的SQL或Mongo数据库!还有很多.......',
																													'对JavaScript的基本理解!对html,css的基本理解!简单的命令行操作',
																													'<p>Node.js是目前最流行的技术，Node&nbsp;开发人员是该行业中收入最高的。</p><p>通过让您构建高质量的web应用程序，了解NodeJS会给您带来一份工作或改善您当前的工作。</p><p><br>在本课程中，您将深入了解Node，了解NodeJS如何在底层工作，以及这些知识如何帮助您避免常见的陷阱，并显著提高您调试问题的能力。</p><p>在本课程中，我们将了解c++编写的V8 Javascript引擎如何工作，以及NodeJS如何使用它来扩展Javascript的能力。</p><p>您将学习如何构造代码以供重用，以及如何更容易地理解、管理和扩展使用模块，以及如何真正理解模块的工作方式。</p><p>我们将看到如何在Node中构建web服务器。</p><p>我们将使用Express深入到web站点、web应用程序和api中，并学习如何作为Node&nbsp;开发人员节省时间。</p><p><br>在此期间，您将深入了解Javascript概念和power Node的其他计算机科学概念。<br><br></p><p>NodeJS并不难学。大多数编码教程所犯的最大错误是期望有人仅仅通过模仿别人的代码来学习。</p><p>我认为最好的学习方法是了解一个工具是如何工作的，它对你有什么帮助，看一些例子，然后自己去尝试。</p><p>这就是本课程的构建方式，目的是帮助您学习和理解NodeJS。</p>',
																												   4.1,
																												   11,
																												   'Beginner',
																												   14.99,
																												   8,
																												   null,
																													'Chinese',
																													'Published');
Insert into CP_COURSE (ID,NAME,INSTRUCTOR_ID,OVERVIEW,LEARNING_OUTCOMES,PREREQUISITES,DESCRIPTION,RATING,CATEGORY_ID,LEVEL,PRICE,IMAGE_ID,DISCOUNT,LANGUAGE,STATUS) values (9,
																												   'Unreal Engine 5 C++ Developer: Learn C++ & Make Video Games',
																												   10,
																												   'Created in collaboration with Epic Games. Learn C++ from basics while making your first 5 video games in Unreal',
																												   'How to make games in Unreal Engine 5!C++, the games industry standard language!Object Oriented Programming and how to put it into practice!Game design principles!Programming patterns and best practices!Artificial Intelligence behaviour programming for enemies',
																													'64-bit PC capable of running Unreal 5 (recommended) or a Mac running latest MacOS Big Sur!DirectX 11, 12 or Metal 1.2 Compatible Graphics Card',
																													'<p>Ready to&nbsp;<strong>make games in the amazing world of Unreal Engine 5</strong>?</p><p>This<strong>&nbsp;</strong>&quot;<strong>critically-acclaimed</strong>&quot; and &quot;<strong>insanely successful</strong>&quot; Unreal Engine course<strong>&nbsp;</strong>was<strong>&nbsp;created in collaboration with Epic Games.</strong></p><p><strong>The majority of the course has been fully updated and remastered to Unreal Engine 5.&nbsp;</strong>Existing students get all the new material for free.</p><p><strong>Learn how to create and mod video games using Unreal Engine 5</strong>, even if you&apos;re a complete beginner. Unreal is a free-to-use game development engine used by AAA studios and indie developers worldwide. It is a massive and powerful beast, but&nbsp;<strong>we break it down step-by-step</strong> so you can tame it.</p><p>We start super simple so&nbsp;<strong>no prior experience of Unreal or coding is needed</strong>! With our online tutorials, you&apos;ll be amazed at what you can achieve. We believe project-based learning is the best way to learn Unreal Engine, so you&rsquo;ll create 5 Unreal games!</p><p>Already know Unreal and want to learn VR&nbsp;or Multiplayer? Check out our other Unreal courses, just&nbsp;<strong>look for the green leaf&nbsp;</strong>for our other world-class Unreal courses.</p><p><strong>Learn C++, the powerful industry-standard language from scratch</strong>. By the end of the course, you&apos;ll be very confident in the basics of coding and game development, and hungry to learn more.</p>',
																												   4.6,
																												   5,
																												   'Beginner',
																												   39.99,
																												   9,
																												   null,
																													'English',
																													'Published');
Insert into CP_COURSE (ID,NAME,INSTRUCTOR_ID,OVERVIEW,LEARNING_OUTCOMES,PREREQUISITES,DESCRIPTION,RATING,CATEGORY_ID,LEVEL,PRICE,IMAGE_ID,DISCOUNT,LANGUAGE,STATUS) values (10,
																												   'Aprenda e Domine a Linguagem C',
																												   11,
																												   'CURSO PRÁTICO de Desenvolvimento de programas. Aprenda e domine a programação de computadores usando a Linguagem C',
																												   'Dominar as técnicas básicas da programação de computadores com o uso da Linguagem C!Aprenda e domine a Linguagem C de forma prática, usando muitos exercícios, que irão apresentar a estrutura da programação estruturada com a Linguagem C. CURSO!Usar o raciocínio lógico aplicado na linguagem C!A Linguagem C está na maioria das Universidades brasileiras e estrangeiras, e nos cursos como Engenharia da Computação',
																													'Não há nenhum tipo de software ou pré-requisito para fazer este curso, tudo o que for necessário o instrutor mostrará como fazer download gratuito. Não será necessário comprar qualquer software para desenvolver os exercícios do curso.!O Instrutor ficará a disposição para dúvidas que vierem a ocorrer no curso. Você poderá enviar sua dúvida e o instrutor irá gravar uma resposta para você.',
																													'<p>Aprenda e Domine Uma Das Mais Populares Linguagens de programa&ccedil;&atilde;o:&nbsp;<strong><em>&ldquo;A Linguagem C&rdquo;</em></strong>.</p><p>Se voc&ecirc; &eacute; estudante de um curso universit&aacute;rio ou curso t&eacute;cnico e est&aacute; tendo dificuldades com&nbsp;<strong>Algoritmos</strong> <strong>e&nbsp;</strong><strong>L&oacute;gica de programa&ccedil;&atilde;o</strong> e&nbsp;com o&nbsp;<strong>Desenvolvimento de programas em linguagem&nbsp;</strong><strong><em>&ldquo;C&rdquo;</em></strong>, deve come&ccedil;ar por este curso para aprender e dominar a&nbsp;<strong><em>Linguagem C</em></strong>.</p><p>Se voc&ecirc; quer&nbsp;<strong>aprender&nbsp;a programar computadores</strong> este curso &eacute; ideal para voc&ecirc;, porque vamos estudar as t&eacute;cnicas b&aacute;sicas de como fazer programas de computadores estruturados e l&oacute;gicos.</p><p>Este curso vai introduzi-lo no mundo da&nbsp;<strong>programa&ccedil;&atilde;o estruturada</strong>, de forma r&aacute;pida e f&aacute;cil.</p><p>Em um curso com muitos exerc&iacute;cios pr&aacute;ticos, acompanhados pelo professor, voc&ecirc; vai colocar a&nbsp;<strong><em>&quot;m&atilde;o-na-massa&quot;</em></strong> e programar na&nbsp;<strong>Linguagem C</strong> em apenas 7 se&ccedil;&otilde;es.</p><p>Voc&ecirc; vai come&ccedil;ar a romper as barreiras da programa&ccedil;&atilde;o, com um futuro promissor como&nbsp;<strong>programador de computadores</strong>.</p><p>Todo programador precisa de algumas t&eacute;cnicas b&aacute;sicas, aqui voc&ecirc; vai ser introduzido a conhecer e trabalhar com elas.</p><p>Neste curso resolvemos juntos problemas com&nbsp;<strong>Entrada e Sa&iacute;da de Dados</strong>,&nbsp;<strong>Desvios Condicionais</strong> e&nbsp;<strong>La&ccedil;os de Repeti&ccedil;&atilde;o</strong>.</p><p>Projetei este curso de programa&ccedil;&atilde;o para que&nbsp;<strong>fosse facilmente compreendido por&nbsp;alunos&nbsp;iniciantes,</strong>&nbsp; para aqueles que&nbsp;<strong>tem dificuldades com a programa&ccedil;&atilde;o&nbsp;de computadores</strong> e tamb&eacute;m para aqueles&nbsp;<strong>q</strong><strong>ue desejam aprender a programar computadores na Linguagem C</strong>.</p>',
																												   4.9,
																												   7,
																												   'All level',
																												   29.99,
																												   10,
																												   null,
																													'Spanish',
																													'Published');
Insert into CP_COURSE (ID,NAME,INSTRUCTOR_ID,OVERVIEW,LEARNING_OUTCOMES,PREREQUISITES,DESCRIPTION,RATING,CATEGORY_ID,LEVEL,PRICE,IMAGE_ID,DISCOUNT,LANGUAGE,STATUS) values (11,
																												   'Learn How To Code: Google''s Go (golang) Programming Language',
																												   12,
																												   'The Ultimate Comprehensive Course - Perfect for Both Beginners and Experienced Developers',
																												   'The ultimate comprehensive course!For beginners and experienced devs!Taught by a university professor!From beginning to advanced concepts!Concurrency, channels, benchmarking!Testing, error handling, documentation',
																													'No prerequisite knowledge is required to take this course. This course starts at the very beginning and will teach you everything you need to know to be an outstanding programmer.',
																													'<p>This course is&nbsp;<strong>the ultimate comprehensive resource&nbsp;</strong>for learning the Go Programming Language.</p><p>This course is&nbsp;<strong>perfect</strong> <strong>for both beginners and experienced developers.</strong> The course is full of examples, hands-on exercises, solutions to the hands-on exercises, and an amazing code repository.</p><p>This course is taught by one of the world&apos;s leading Go Programming Trainers, Todd McLeod. Todd was the first&nbsp;<strong>university professor</strong> in America to teach Go at the university level. Todd has taught over&nbsp;<strong>3.25 Million students</strong> how to use the Go Programming Language. This&nbsp;<strong>course is tried, tested, and proven</strong> to train beginners and experienced developers how to use Go.&nbsp;</p><p>This course has a tremendous amount of content and resources so that you can&nbsp;<strong>learn everything you need to know</strong> - whatever is appropriate for your ability level.</p><p>When you enroll in this course, you will have<strong>&nbsp;lifetime access to the course.</strong> You will be able to&nbsp;<strong>learn at your own pace.</strong> You will always be able to come back to the content to review it, or learn additional concepts when you are ready for them.</p><p>This course also comes with a&nbsp;<strong>100% Satisfaction Money Back Guarantee.</strong></p><p>I&nbsp;know that this is absolutely the best course in the entire world for learning the Go Programming Language.</p><p>I know that you are going to be completely satisfied with the course.</p><p>And, if for any reason the course does not work for you, then within the first 14 days, you can receive a full refund.</p><p><strong>So enroll now!</strong></p>',
																												   4.5,
																												   8,
																												   'Beginner',
																												   39.99,
																												   11,
																												   null,
																													'English',
																													'Published');
																													
																													


Insert into CP_ORDER (ID,PURCHASE_DATE,USER_ID,TOTAL,ORDER_NUMBER,PAYMENT_TYPE) values (1,'2022-02-22',2,14.99,'EC-68574B73593347656B36642B','Paypal');
Insert into CP_ORDER (ID,PURCHASE_DATE,USER_ID,TOTAL,ORDER_NUMBER,PAYMENT_TYPE) values (2,'2022-02-23',1,18.99,'EC-684771705858716B6D715741','Card');
Insert into CP_ORDER (ID,PURCHASE_DATE,USER_ID,TOTAL,ORDER_NUMBER,PAYMENT_TYPE) values (3,'2022-06-25',3,32.98,'EC-685279A05858712HD713751D','Card');
Insert into CP_ORDER (ID,PURCHASE_DATE,USER_ID,TOTAL,ORDER_NUMBER,PAYMENT_TYPE) values (4,'2023-02-25',14,29.99,'EC-68297FG0423871F8D71337F1','Paypal');
Insert into CP_ORDER (ID,PURCHASE_DATE,USER_ID,TOTAL,ORDER_NUMBER,PAYMENT_TYPE) values (5,'2023-04-25',13,39.99,'EC-685279A03G5E8G2HD73FD2X','Card');

Insert into CP_ORDER (ID,PURCHASE_DATE,USER_ID,TOTAL,ORDER_NUMBER,PAYMENT_TYPE) values (6,'2023-01-01',5,19.99,'EC-685279A03G5E8G2HD73FD2X','Card');
Insert into CP_ORDER (ID,PURCHASE_DATE,USER_ID,TOTAL,ORDER_NUMBER,PAYMENT_TYPE) values (7,'2022-12-25',6,34.99,'EC-6857X9A03F998G2HD7335SZ','Paypal');
Insert into CP_ORDER (ID,PURCHASE_DATE,USER_ID,TOTAL,ORDER_NUMBER,PAYMENT_TYPE) values (8,'2022-11-25',7,24.99,'EC-685279A03G5E8G36FG8FD2X','Card');
Insert into CP_ORDER (ID,PURCHASE_DATE,USER_ID,TOTAL,ORDER_NUMBER,PAYMENT_TYPE) values (9,'2023-03-25',8,14.99,'EC-685279A034D8G2HJ74FD2X3','Card');
Insert into CP_ORDER (ID,PURCHASE_DATE,USER_ID,TOTAL,ORDER_NUMBER,PAYMENT_TYPE) values (10,'2023-05-25',9,29.99,'EC-685279A03G38DGHD735G8G','Paypal');
Insert into CP_ORDER (ID,PURCHASE_DATE,USER_ID,TOTAL,ORDER_NUMBER,PAYMENT_TYPE) values (11,'2023-07-25',10,44.98,'EC-685279A03G5E8G2474FD74','Card');
Insert into CP_ORDER (ID,PURCHASE_DATE,USER_ID,TOTAL,ORDER_NUMBER,PAYMENT_TYPE) values (12,'2022-10-25',2,19.99,'EC-685279A034647FG773FD2X','Card');

Insert into CP_ORDER_COURSE (ID,ORDER_ID,COURSE_ID,SELLING_PRICE) values (1,1,1,19.99);
Insert into CP_ORDER_COURSE (ID,ORDER_ID,COURSE_ID,SELLING_PRICE) values (2,2,3,19.99);
Insert into CP_ORDER_COURSE (ID,ORDER_ID,COURSE_ID,SELLING_PRICE) values (3,3,2,14.99);
Insert into CP_ORDER_COURSE (ID,ORDER_ID,COURSE_ID,SELLING_PRICE) values (4,3,4,19.99);
Insert into CP_ORDER_COURSE (ID,ORDER_ID,COURSE_ID,SELLING_PRICE) values (5,4,10,29.99);
Insert into CP_ORDER_COURSE (ID,ORDER_ID,COURSE_ID,SELLING_PRICE) values (6,5,11,39.99);

Insert into CP_ORDER_COURSE (ID,ORDER_ID,COURSE_ID,SELLING_PRICE) values (7,6,7,19.99);
Insert into CP_ORDER_COURSE (ID,ORDER_ID,COURSE_ID,SELLING_PRICE) values (8,7,6,34.99);
Insert into CP_ORDER_COURSE (ID,ORDER_ID,COURSE_ID,SELLING_PRICE) values (9,8,5,24.99);
Insert into CP_ORDER_COURSE (ID,ORDER_ID,COURSE_ID,SELLING_PRICE) values (10,9,8,14.99);
Insert into CP_ORDER_COURSE (ID,ORDER_ID,COURSE_ID,SELLING_PRICE) values (11,10,10,29.99);
Insert into CP_ORDER_COURSE (ID,ORDER_ID,COURSE_ID,SELLING_PRICE) values (12,11,5,24.99);
Insert into CP_ORDER_COURSE (ID,ORDER_ID,COURSE_ID,SELLING_PRICE) values (13,11,7,19.99);
Insert into CP_ORDER_COURSE (ID,ORDER_ID,COURSE_ID,SELLING_PRICE) values (14,12,7,19.99);





Insert into CP_SECTION (ID,TITLE,COURSE_ID) values (1,'Day1-Beginner-Working with Variables in Python to Manage Data',1);
Insert into CP_SECTION (ID,TITLE,COURSE_ID) values (2,'Day2-Beginner-Understanding Data Types and How to Manipulate Strings',1);
Insert into CP_SECTION (ID,TITLE,COURSE_ID) values (3,'Introduction',2);
Insert into CP_SECTION (ID,TITLE,COURSE_ID) values (4,'Choosing the right Database',2);
Insert into CP_SECTION (ID,TITLE,COURSE_ID) values (5,'System design case studies - Practical real world applications',2);
Insert into CP_SECTION (ID,TITLE,COURSE_ID) values (6,'What not to do',2);
Insert into CP_SECTION (ID,TITLE,COURSE_ID) values (7,'Getting Started',3);
Insert into CP_SECTION (ID,TITLE,COURSE_ID) values (8,'The Basics',3);
Insert into CP_SECTION (ID,TITLE,COURSE_ID) values (9,'Welcome,Welcome,Welcome',4);
Insert into CP_SECTION (ID,TITLE,COURSE_ID) values (10,'Introduction',5);
Insert into CP_SECTION (ID,TITLE,COURSE_ID) values (11,'序言',6);
Insert into CP_SECTION (ID,TITLE,COURSE_ID) values (12,'数据预处理',6);
Insert into CP_SECTION (ID,TITLE,COURSE_ID) values (13,'Introduction',7);
Insert into CP_SECTION (ID,TITLE,COURSE_ID) values (14,'What is Jenkins',7);
Insert into CP_SECTION (ID,TITLE,COURSE_ID) values (15,'Introduction to Docker',7);
Insert into CP_SECTION (ID,TITLE,COURSE_ID) values (16,'Hello World',8);
Insert into CP_SECTION (ID,TITLE,COURSE_ID) values (17,'迈入全端开发的第一步',8);
Insert into CP_SECTION (ID,TITLE,COURSE_ID) values (18,'Intro & Setup',9);
Insert into CP_SECTION (ID,TITLE,COURSE_ID) values (19,'Wearhouse Wreckage',9);
Insert into CP_SECTION (ID,TITLE,COURSE_ID) values (20,'Obstacle Assault',9);
Insert into CP_SECTION (ID,TITLE,COURSE_ID) values (21,'Introdução',10);
Insert into CP_SECTION (ID,TITLE,COURSE_ID) values (22,'O primeiro programa em C',10);
Insert into CP_SECTION (ID,TITLE,COURSE_ID) values (23,'Course introduction',11);
Insert into CP_SECTION (ID,TITLE,COURSE_ID) values (24,'Getting going with Go',11);
Insert into CP_SECTION (ID,TITLE,COURSE_ID) values (25,'The fundamental of Go',11);






Insert into CP_LECTURE (ID,SECTION_ID,TITLE,VIDEO_ID,DURATION) values (1,1,'Where you are going to get from this course',1, 207);
Insert into CP_LECTURE (ID,SECTION_ID,TITLE,VIDEO_ID,DURATION) values (2,1,'START HERE',2, 202);
Insert into CP_LECTURE (ID,SECTION_ID,TITLE,VIDEO_ID,DURATION) values (3,2,'Day 2 Goals: what we will make by the end of the day',3, 134);
Insert into CP_LECTURE (ID,SECTION_ID,TITLE,VIDEO_ID,DURATION) values (4,3,'Introduction',4,38);
Insert into CP_LECTURE (ID,SECTION_ID,TITLE,VIDEO_ID,DURATION) values (5,4,'Choosing the right Database',5,1407);
Insert into CP_LECTURE (ID,SECTION_ID,TITLE,VIDEO_ID,DURATION) values (6,5,'Google Maps System Design',6,3666);
Insert into CP_LECTURE (ID,SECTION_ID,TITLE,VIDEO_ID,DURATION) values (7,5,'Netflix / YouTube System Design',7,3888);
Insert into CP_LECTURE (ID,SECTION_ID,TITLE,VIDEO_ID,DURATION) values (8,5,'Twitter System Design',8,2873);
Insert into CP_LECTURE (ID,SECTION_ID,TITLE,VIDEO_ID,DURATION) values (9,6,'Biggest mistakes to avoid in the interview',9,219);
Insert into CP_LECTURE (ID,SECTION_ID,TITLE,VIDEO_ID,DURATION) values (10,7,'Course Introduction',10,58);
Insert into CP_LECTURE (ID,SECTION_ID,TITLE,VIDEO_ID,DURATION) values (11,7,'What is Angular',11,121);
Insert into CP_LECTURE (ID,SECTION_ID,TITLE,VIDEO_ID,DURATION) values (12,8,'Module Introduction',12,58);
Insert into CP_LECTURE (ID,SECTION_ID,TITLE,VIDEO_ID,DURATION) values (13,8,'How an Angular App gets Loaded and Started',13,432);
Insert into CP_LECTURE (ID,SECTION_ID,TITLE,VIDEO_ID,DURATION) values (14,9,'Course Roadmap and Projects',14,177);
Insert into CP_LECTURE (ID,SECTION_ID,TITLE,VIDEO_ID,DURATION) values (15,10,'Installing Java',15,106);
Insert into CP_LECTURE (ID,SECTION_ID,TITLE,VIDEO_ID,DURATION) values (16,11,'机器学习的应用',16,183);
Insert into CP_LECTURE (ID,SECTION_ID,TITLE,VIDEO_ID,DURATION) values (17,11,'机器学习是未来',17,481);
Insert into CP_LECTURE (ID,SECTION_ID,TITLE,VIDEO_ID,DURATION) values (18,11,'安装R和RStudio',18,388);
Insert into CP_LECTURE (ID,SECTION_ID,TITLE,VIDEO_ID,DURATION) values (19,11,'安装Python和Anaconda',19,505);
Insert into CP_LECTURE (ID,SECTION_ID,TITLE,VIDEO_ID,DURATION) values (20,12,'下载数据集',20,466);
Insert into CP_LECTURE (ID,SECTION_ID,TITLE,VIDEO_ID,DURATION) values (21,12,'导入标准库',21,326);
Insert into CP_LECTURE (ID,SECTION_ID,TITLE,VIDEO_ID,DURATION) values (22,13,'Introduction Jenkins',22,202);
Insert into CP_LECTURE (ID,SECTION_ID,TITLE,VIDEO_ID,DURATION) values (23,14,'What is Jenkins (part 1)',23,254);
Insert into CP_LECTURE (ID,SECTION_ID,TITLE,VIDEO_ID,DURATION) values (24,14,'What is Jenkins (part 2)',24,311);
Insert into CP_LECTURE (ID,SECTION_ID,TITLE,VIDEO_ID,DURATION) values (25,15,'CI-CD with Jenkins using Pipelines and Docker',25,109);
Insert into CP_LECTURE (ID,SECTION_ID,TITLE,VIDEO_ID,DURATION) values (26,16,'零基础初学者也能轻松入门NodeJS后端编程',26,516);
Insert into CP_LECTURE (ID,SECTION_ID,TITLE,VIDEO_ID,DURATION) values (27,17,'10分钟快速编写属于自己的Node JS后端服务器',27,712);
Insert into CP_LECTURE (ID,SECTION_ID,TITLE,VIDEO_ID,DURATION) values (28,17,'NodeJS GET请求 入门教学',28,1238);
Insert into CP_LECTURE (ID,SECTION_ID,TITLE,VIDEO_ID,DURATION) values (29,17,'NodeJS 获取Http Get参数',29,1160);
Insert into CP_LECTURE (ID,SECTION_ID,TITLE,VIDEO_ID,DURATION) values (30,18,'#1 - Actors',30,610);
Insert into CP_LECTURE (ID,SECTION_ID,TITLE,VIDEO_ID,DURATION) values (31,18,'#2 - Tick function',31,472);
Insert into CP_LECTURE (ID,SECTION_ID,TITLE,VIDEO_ID,DURATION) values (32,19,'#3 - Making a game!',32,871);
Insert into CP_LECTURE (ID,SECTION_ID,TITLE,VIDEO_ID,DURATION) values (33,19,'#4 - Finishing our game!',33,393);
Insert into CP_LECTURE (ID,SECTION_ID,TITLE,VIDEO_ID,DURATION) values (34,20,'#5 - Cameras',34,536);
Insert into CP_LECTURE (ID,SECTION_ID,TITLE,VIDEO_ID,DURATION) values (35,20,'#6 - Custom FPS Controller',35,573);
Insert into CP_LECTURE (ID,SECTION_ID,TITLE,VIDEO_ID,DURATION) values (36,21,'Desenvolvimento de software',36,514);
Insert into CP_LECTURE (ID,SECTION_ID,TITLE,VIDEO_ID,DURATION) values (37,21,'Apresentando uma string na tela',37,318);
Insert into CP_LECTURE (ID,SECTION_ID,TITLE,VIDEO_ID,DURATION) values (38,22,'O que são Variáveis?',38,287);
Insert into CP_LECTURE (ID,SECTION_ID,TITLE,VIDEO_ID,DURATION) values (39,22,'Declaração de variáveis em um programa',39,219);
Insert into CP_LECTURE (ID,SECTION_ID,TITLE,VIDEO_ID,DURATION) values (40,23,'Setup',40,375);
Insert into CP_LECTURE (ID,SECTION_ID,TITLE,VIDEO_ID,DURATION) values (41,24,'Your first Go file',41,280);
Insert into CP_LECTURE (ID,SECTION_ID,TITLE,VIDEO_ID,DURATION) values (42,25,'Variables, Strings & Numbers',42,834);
Insert into CP_LECTURE (ID,SECTION_ID,TITLE,VIDEO_ID,DURATION) values (43,25,'Printing & Formatting Strings',43,746);
Insert into CP_LECTURE (ID,SECTION_ID,TITLE,VIDEO_ID,DURATION) values (44,25,'Arrays & Slices',44,657);









Insert into CP_QUIZ (ID,SECTION_ID,TITLE) values (1,1,'Variable Naming Quiz');
Insert into CP_QUIZ_QUESTION (ID,QUIZ_ID,QUESTION,CHOICE1,CHOICE2,CHOICE3,ANSWER) values (1,1,'Which of the following is Python reserved keyword','None','default','class',3);


Insert into CP_NOTE (ID,USER_ID,LECTURE_ID,NOTE_TIME,NOTE_CONTENT,CREATE_TIME,UPDATE_TIME) values (1,1,1,49,'Web Scraping','2022-02-24 13:56:20.00 PDT',null);


Insert into CP_USER (ID,USERNAME,PASSWORD,EMAIL,JOINED_DATE,STATUS) values (1, 'admin1','$2a$11$aL.ou06hFDE1p23WLTf6..yeq879FxCWZEE8ATEzkU/lw/Utaut2m','admin@gmail.com','2022-01-10','Active');
Insert into CP_USER (ID,USERNAME,PASSWORD,EMAIL,JOINED_DATE,STATUS) values (2, 'student1','$2a$11$HmVrlnZlkgh7KvjMuctMJ.r99o.61RsNv5h1wpYEIJn78zoAxb9tG','student1@hotmail.com','2019-12-09','Active');
Insert into CP_USER (ID,USERNAME,PASSWORD,EMAIL,JOINED_DATE,STATUS) values (3, 'instructor1','$2a$11$Q48CIRcWpdYLxKStO6cZh.UFetTUvUOSYSvjbMVpDoMN.e1R.1uPG','instructor1@hotmail.com','2020-10-17','Active');
Insert into CP_USER (ID,USERNAME,PASSWORD,EMAIL,JOINED_DATE,STATUS) values (4, 'instructor2','$2a$11$5BgPnmHrwifVQPsnKnomkOjfjCTxtkG/zo/e8o6f48TFccQS9yGti','instructor2@gmail.com','2021-07-15','Active');
Insert into CP_USER (ID,USERNAME,PASSWORD,EMAIL,JOINED_DATE,STATUS) values (5, 'instructor3','$2a$11$w77Utj/9lZvIRB7JD8omG./fxOAe1vLIevkgeNzcOZ2aUhwkOlAgq','instructor3@foxmail.com','2019-05-28','Active');
Insert into CP_USER (ID,USERNAME,PASSWORD,EMAIL,JOINED_DATE,STATUS) values (6, 'moshHami','$2a$11$v/.NDUoLGsJswvV5NhYI2.8qvEBOB1jGXAHSUcsSWFtNmK4YMCPwK','moshHami@hotmail.com','2019-05-28','Active');
Insert into CP_USER (ID,USERNAME,PASSWORD,EMAIL,JOINED_DATE,STATUS) values (7, 'kirillE','$2a$11$7T2Hf1y6veMghvf2TjvcaeHx51We/b.X4vMKrVRwd4M69QNQe2eym','kirillE@hotmail.com','2019-05-28','Active');
Insert into CP_USER (ID,USERNAME,PASSWORD,EMAIL,JOINED_DATE,STATUS) values (8, 'edwardV','$2a$11$v/.NDUoLGsJswvV5NhYI2.8qvEBOB1jGXAHSUcsSWFtNmK4YMCPwK','moshHami@hotmail.com','2019-05-28','Active');
Insert into CP_USER (ID,USERNAME,PASSWORD,EMAIL,JOINED_DATE,STATUS) values (9, 'wenxuanH','$2a$11$5JIueZC43JWwdprFmiW9YuT2j1sKkiEo0t6W.s4ZFCFyuPaH87x0m','wenxuanHo@hotmail.com','2019-05-28','Active');
Insert into CP_USER (ID,USERNAME,PASSWORD,EMAIL,JOINED_DATE,STATUS) values (10, 'benT','$2a$11$9s/hGqs1H22vpe5SmpCMXO07VK2DJKiGMmZ3Pa5jlVOKFDpcS/V8S','benT@hotmail.com','2019-05-28','Active');
Insert into CP_USER (ID,USERNAME,PASSWORD,EMAIL,JOINED_DATE,STATUS) values (11, 'antonioH','$2a$11$RrFE3wzVNyqwRIzOEfqQqe3UPBL2cURyIoLb7J8wU7/bi7H26vrI6','antonioH@gmail.com','2019-05-28','Active');
Insert into CP_USER (ID,USERNAME,PASSWORD,EMAIL,JOINED_DATE,STATUS) values (12, 'toddM','$2a$11$1/KYO5u8UDa73pDr.CiyM.K3kADGlGCkda429x/tU.eST1RCUFYMe','toddM@hotmail.com','2019-05-28','Active');

Insert into CP_USER (ID,USERNAME,PASSWORD,EMAIL,JOINED_DATE,STATUS) values (13, 'student2','$2a$11$Dnt.QpzVuJ.n.vtdw.r3xe11vI9eiVP3sbOcyGDLn95Viz/6jzwxC','student2@hotmail.com','2019-12-09','Active');
Insert into CP_USER (ID,USERNAME,PASSWORD,EMAIL,JOINED_DATE,STATUS) values (14, 'student3','$2a$11$T32wCQUb5j4ErKtLfzu6t.ED2wfHGn34sNpL5xUfl1xDhNj9CdrzG','student3@hotmail.com','2019-12-09','Active');
Insert into CP_USER (ID,USERNAME,PASSWORD,EMAIL,JOINED_DATE,STATUS) values (15, 'admin2','$2a$11$MXCzCiVehg8uR1qth4R38uVM3XrdzARmMjND7VZwcIVmhm.WtlZ0e','admin2@gmail.com','2022-01-10','Active');
Insert into CP_USER (ID,USERNAME,PASSWORD,EMAIL,JOINED_DATE,STATUS) values (16, 'admin3','$2a$11$rkSzc0Df8DUzH8iEHcY/m.OCxwYGoFt0FwAubFKda5MFW1b4SqLYS','admin3@gmail.com','2022-01-10','Active');





Insert into CP_USER_DETAIL (ID,FIRSTNAME,LASTNAME,PHONE,OVERVIEW,DESCRIPTION,PERSONAL_LINK,IMAGE_ID,USER_ID,PAYMENT_ID) values (1,
																															 'David',
																															 'K.',
																															 '5411234567',
																															 'Software engineer at Apple',
																															 null,
																															 null,
																															 null,
																															 2,
																															 1);

Insert into CP_USER_DETAIL (ID,FIRSTNAME,LASTNAME,PHONE,OVERVIEW,DESCRIPTION,PERSONAL_LINK,IMAGE_ID,USER_ID,PAYMENT_ID) values (2,
																															 'Angela',
																															 'Yu',
																															 '5410129454',
																															 'Developer and Lead Instructor',
																															 'I''m Angela, I''m a developer with a passion for teaching. I''m the lead instructor at the London App Brewery, London''s leading Programming Bootcamp. I''ve helped hundreds of thousands of students learn to code and change their lives by becoming a developer. I''ve been invited by companies such as Twitter, Facebook and Google to teach their employees.
																															 My first foray into programming was when I was just 12 years old, wanting to build my own Space Invader game. Since then, I''ve made hundred of websites, apps and games. But most importantly, I realised that my greatest passion is teaching.
																															 I spend most of my time researching how to make learning to code fun and make hard concepts easy to understand. I apply everything I discover into my bootcamp courses. In my courses, you''ll find lots of geeky humour but also lots of explanations and animations to make sure everything is easy to understand.
																															 I''ll be there for you every step of the way.',
																															 'https://www.appbrewery.co/',
																															 4,
																															 5,
																															 4);
Insert into CP_USER_DETAIL (ID,FIRSTNAME,LASTNAME,PHONE,OVERVIEW,DESCRIPTION,PERSONAL_LINK,IMAGE_ID,USER_ID,PAYMENT_ID) values (3,
																															 'William',
																															 'Luo',
																															 '5415202299',
																															 'Eureka''s Admin',
																															 'I''m William, Eureka''s admin. Pleasant to help you',
																															 'https://www.eureka.com',
																															 1,
																															 1,
																															 2);
Insert into CP_USER_DETAIL (ID,FIRSTNAME,LASTNAME,PHONE,OVERVIEW,DESCRIPTION,PERSONAL_LINK,IMAGE_ID,USER_ID,PAYMENT_ID) values (4,
																															 'Maximilian',
																															 'Schwarzmüller',
																															 '5419302389',
																															 'AWS certified, Professional Web Developer and Instructor',
																															 'As a self-taught professional I really know the hard parts and the difficult topics when learning new or improving on already-known languages. This background and experience enables me to focus on the most relevant key concepts and topics. My track record of many 5-star rated courses and more than 2,000,000 students on Udemy is the best proof for that.',
																															 'https://academind.com/',
																															 2,
																															 3,
																															 null);
Insert into CP_USER_DETAIL (ID,FIRSTNAME,LASTNAME,PHONE,OVERVIEW,DESCRIPTION,PERSONAL_LINK,IMAGE_ID,USER_ID,PAYMENT_ID) values (5,
																															 'Sandeep',
																															 'Kaul',
																															 '5414337915',
																															 'Tech Lead @ Facebook | Loves Teaching',
																															 'Sandeep is an Experienced Tech Lead/Architect with a huge breadth and depth of knowledge based on his experience on a wide variety of technologies that he has worked on in his career.',
																															 'https://www.udemy.com',
																															 3,
																															 4,
																															 null);
Insert into CP_USER_DETAIL (ID,FIRSTNAME,LASTNAME,PHONE,OVERVIEW,DESCRIPTION,PERSONAL_LINK,IMAGE_ID,USER_ID,PAYMENT_ID) values (6,
																															 'Mosh',
																															 'Hamedani',
																															 '5448337239',
																															 'Software developer/Programmer/Software engineer',
																															 'Mosh (Moshfegh) Hamedani is a passionate and pragmatic software engineer specializing in web application development with ASP.NET MVC, Web API, Entity Framework, Angular, Backbone, HTML5, and CSS. He started programming at the age of seven on a Commodore 64 and fell in love with it. His dream at the time was to become a software engineer so he could create a tennis game for himself in 3D! So this inspired him to pursue programming both academically and professionally. He has a Bachelor of Science in Software Engineering and a Master of Science in Network Systems. Whilst he never learned how to create a game, he has over 15 years professional experience developing web applications. Outside the software world, he enjoys photography, playing jazz piano, swimming, and latin dancing. Mosh is based in Melbourne, Australia.',
																															 'https://twitter.com/moshhamedani',
																															 5,
																															 6,
																															 null);
Insert into CP_USER_DETAIL (ID,FIRSTNAME,LASTNAME,PHONE,OVERVIEW,DESCRIPTION,PERSONAL_LINK,IMAGE_ID,USER_ID,PAYMENT_ID) values (7,
																															 'Kirill',
																															 'Eremenko',
																															 '5414759315',
																															 'Data Scientist',
																															 'My name is Kirill Eremenko and I am super-psyched that you are reading this!Professionally, I come from the Data Science consulting space with experience in finance, retail, transport and other industries. I was trained by the best analytics mentors at Deloitte Australia and since starting on Udemy I have passed on my knowledge to thousands of aspiring data scientists.From my courses you will straight away notice how I combine my real-life experience and academic background in Physics and Mathematics to deliver professional step-by-step coaching in the space of Data Science. One of the strongest sides of my teaching style is that I focus on intuitive explanations, so you can be sure that you will truly understand even the most complex topics.To sum up, I am absolutely and utterly passionate about Data Science and I am looking forward to sharing my passion and knowledge with you!',
																															 'https://www.superdatascience.com/',
																															 6,
																															 7,
																															 null);
Insert into CP_USER_DETAIL (ID,FIRSTNAME,LASTNAME,PHONE,OVERVIEW,DESCRIPTION,PERSONAL_LINK,IMAGE_ID,USER_ID,PAYMENT_ID) values (8,
																															 'Edward',
																															 'Viaene',
																															 '54138553072',
																															 'DevOps, Cloud, Big Data Specialist',
																															 'System Administrator and full stack developer for over 10 years, the typical profile for a DevOps engineer. I''ve been working in multiple organizations and startups. I''ve cofounded a startup that focusses on applying DevOps and Cloud. I have been training people in newer technologies, like Big Data. I''ve trained a lot of people working in FTSE 100 & S&P 100 companies. Today I mainly work together with companies to improve their software delivery processes, while coaching and teaching on platforms like Udemy.',
																															 'https://in4it.com/',
																															 7,
																															 8,
																															 null);
Insert into CP_USER_DETAIL (ID,FIRSTNAME,LASTNAME,PHONE,OVERVIEW,DESCRIPTION,PERSONAL_LINK,IMAGE_ID,USER_ID,PAYMENT_ID) values (9,
																															 'Wenxuan',
																															 'Ho',
																															 '5414379022',
																															 'Tech Lead @ Facebook | Loves Teaching',
																															 '一个专注编程教学和提供科技圈快讯的频道，致力于让每个人多学点最前沿最创新的科技知识',
																															 'https://www.youtube.com/@wenxuandecode4140',
																															 8,
																															 9,
																															 null);
Insert into CP_USER_DETAIL (ID,FIRSTNAME,LASTNAME,PHONE,OVERVIEW,DESCRIPTION,PERSONAL_LINK,IMAGE_ID,USER_ID,PAYMENT_ID) values (10,
																															 'Ben',
																															 'Tristem',
																															 '5414790221',
																															 'GameDev.tv Founder :: Entrepreneur :: Passionate Teacher',
																															 'Hi, I''m Ben. I have a degree in computing from Imperial College London, and a physics diploma from the Open University. I started working for myself at the age of 15, and never looked back. I explored careers as varied as being a commercial pilot, stunt-man, rock climbing instructor, and more. None of these provided a continued challenge, and stable income in the same way technology does. After building and selling a home computer support business, I became an angel investor and business mentor here in Cambridge UK. I fell in love with teaching game development through one of my investments, and I now spend all of my time sharing my passion with people like you. I can''t wait to help you experience the fulfilment, and financial freedom, that having a deep understanding of technology brings. So why not start learning to make games with me and my team now?See you soon! ',
																															 'https://www.gamedev.tv/',
																															 9,
																															 10,
																															 null);
Insert into CP_USER_DETAIL (ID,FIRSTNAME,LASTNAME,PHONE,OVERVIEW,DESCRIPTION,PERSONAL_LINK,IMAGE_ID,USER_ID,PAYMENT_ID) values (11,
																															 'Antonio',
																															 'Henrique',
																															 '5412379017',
																															 'Professor da área de Tecnologia da Informação.',
																															 'Professor na área de desenvolvimento de software no ensino técnico e universitário. Professor da informática básica e Office para cursos técnicos e profissionalizantes. Professor da área de TI para cursos preparatórios para Concursos Públicos.',
																															 'https://www.facebook.com/profAntonioHReis',
																															 10,
																															 11,
																															 null);
Insert into CP_USER_DETAIL (ID,FIRSTNAME,LASTNAME,PHONE,OVERVIEW,DESCRIPTION,PERSONAL_LINK,IMAGE_ID,USER_ID,PAYMENT_ID) values (12,
																															 'Todd',
																															 'McLeod',
																															 '5416528364',
																															 'Top-Rated Instructor, Tenured College Professor',
																															 'I am a tenured professor in California, an autodidact, and multidisciplinarian. I have taught at the graduate and undergraduate levels in business, information system, and computer science. I also have a lot of knowledge about mindfulness, meditation, psychology, and personal growth. I was born into a culture of mindfulness and meditation, and have been involved with mindfulness and meditation all of my life. I have authored 48 books and have experience with the publishing industry, literature, and film. As I said, I love learning and love sharing knowledge with others.',
																															 'https://www.heartmindway.com/',
																															 11,
																															 12,
																															 null);																															 
Insert into CP_USER_DETAIL (ID,FIRSTNAME,LASTNAME,PHONE,OVERVIEW,DESCRIPTION,PERSONAL_LINK,IMAGE_ID,USER_ID,PAYMENT_ID) values (13,
																															 'Zack',
																															 'Martin',
																															 '5412543327',
																															 'Cowboys',
																															 null,
																															 null,
																															 null,
																															 13,
																															 null);
Insert into CP_USER_DETAIL (ID,FIRSTNAME,LASTNAME,PHONE,OVERVIEW,DESCRIPTION,PERSONAL_LINK,IMAGE_ID,USER_ID,PAYMENT_ID) values (14,
																															 'Marcus',
																															 'Allen',
																															 '5411234567',
																															 null,
																															 null,
																															 null,
																															 null,
																															 14,
																															 null);
Insert into CP_USER_DETAIL (ID,FIRSTNAME,LASTNAME,PHONE,OVERVIEW,DESCRIPTION,PERSONAL_LINK,IMAGE_ID,USER_ID,PAYMENT_ID) values (15,
																															 'Dalvin',
																															 'Cook',
																															 null,
																															 null,
																															 null,
																															 null,
																															 null,
																															 15,
																															 null);
Insert into CP_USER_DETAIL (ID,FIRSTNAME,LASTNAME,PHONE,OVERVIEW,DESCRIPTION,PERSONAL_LINK,IMAGE_ID,USER_ID,PAYMENT_ID) values (16,
																															 'Tyler',
																															 'Sullivan',
																															 '54138454274',
																															 null,
																															 null,
																															 null,
																															 null,
																															 16,
																															 null);
																															 
																															 




Insert into CP_PROFILE (ID,ROLE) values (1,'ROLE_ADMIN');
Insert into CP_PROFILE (ID,ROLE) values (2,'ROLE_STUDENT');
Insert into CP_PROFILE (ID,ROLE) values (3,'ROLE_INSTRUCTOR');

Insert into CP_USER_PROFILE (ID,USER_ID,PROFILE_ID) values (1,1,1);
Insert into CP_USER_PROFILE (ID,USER_ID,PROFILE_ID) values (2,2,2);
Insert into CP_USER_PROFILE (ID,USER_ID,PROFILE_ID) values (3,3,3);
Insert into CP_USER_PROFILE (ID,USER_ID,PROFILE_ID) values (4,4,3);
Insert into CP_USER_PROFILE (ID,USER_ID,PROFILE_ID) values (5,5,3);
Insert into CP_USER_PROFILE (ID,USER_ID,PROFILE_ID) values (6,6,3);
Insert into CP_USER_PROFILE (ID,USER_ID,PROFILE_ID) values (7,7,3);
Insert into CP_USER_PROFILE (ID,USER_ID,PROFILE_ID) values (8,8,3);
Insert into CP_USER_PROFILE (ID,USER_ID,PROFILE_ID) values (9,9,3);
Insert into CP_USER_PROFILE (ID,USER_ID,PROFILE_ID) values (10,10,3);
Insert into CP_USER_PROFILE (ID,USER_ID,PROFILE_ID) values (11,11,3);
Insert into CP_USER_PROFILE (ID,USER_ID,PROFILE_ID) values (12,12,3);
Insert into CP_USER_PROFILE (ID,USER_ID,PROFILE_ID) values (13,13,2);
Insert into CP_USER_PROFILE (ID,USER_ID,PROFILE_ID) values (14,14,2);
Insert into CP_USER_PROFILE (ID,USER_ID,PROFILE_ID) values (15,15,1);
Insert into CP_USER_PROFILE (ID,USER_ID,PROFILE_ID) values (16,16,1);




Insert into CP_WISHLIST (USER_ID, COURSE_ID) values (2,1);
Insert into CP_WISHLIST (USER_ID, COURSE_ID) values (2,3);
Insert into CP_WISHLIST (USER_ID, COURSE_ID) values (1,5);


Insert into CP_ENROLLMENT (USER_ID, COURSE_ID,PROGRESS,ENROLL_DATE,REFUND_ID) values (2,1,20.50,'2022-02-22',null);
Insert into CP_ENROLLMENT (USER_ID, COURSE_ID,PROGRESS,ENROLL_DATE,REFUND_ID) values (1,3,7.00,'2022-02-23',null);
Insert into CP_ENROLLMENT (USER_ID, COURSE_ID,PROGRESS,ENROLL_DATE,REFUND_ID) values (3,2,5.00,'2022-02-24',null);
Insert into CP_ENROLLMENT (USER_ID, COURSE_ID,PROGRESS,ENROLL_DATE,REFUND_ID) values (3,4,37.50,'2022-02-24',null);
Insert into CP_ENROLLMENT (USER_ID, COURSE_ID,PROGRESS,ENROLL_DATE,REFUND_ID) values (14,10,15.50,'2023-02-25',null);
Insert into CP_ENROLLMENT (USER_ID, COURSE_ID,PROGRESS,ENROLL_DATE,REFUND_ID) values (13,11,67.50,'2023-04-25',null);




Insert into CP_DISCOUNT (ID,START_TIME,END_TIME,NAME,DESCRIPTION,DISCOUNT_PERCENT) values (1,'2022-02-27 18:00:00.00 PDT','2023-06-28 18:00:00.00 PDT','Time-limited Promotion', 'All web development courses get reduced rate 10%',0.9);


Insert into CP_PAYMENT (ID,USER_ID,NAME_ON_CARD,ACCOUNT_NO,EXPIRY) values (1,2,'Cindy Smith','1234567890123456','2024-08-09');
Insert into CP_PAYMENT (ID,USER_ID,NAME_ON_CARD,ACCOUNT_NO,EXPIRY) values (2,3,'Charlie Jones','1932579687248754','2023-11-22');
Insert into CP_PAYMENT (ID,USER_ID,NAME_ON_CARD,ACCOUNT_NO,EXPIRY) values (3,5,'Angela Yu','1443792293462137','2024-02-28');
Insert into CP_PAYMENT (ID,USER_ID,NAME_ON_CARD,ACCOUNT_NO,EXPIRY) values (4,1,'William Luo','1439589682242864','2024-07-02');




Insert into CP_REFUND (ID,ENROLLMENT_ID,REQUEST_DATE,STATUS,DESCRIPTION) values (1, 3,'2022-02-28','pending','The course is too difficult to me for now, I want to get my money back!');


Insert into CP_REVIEW (ID,COURSE_ID,USER_ID,RATING, CONTENT,CREATE_TIME,UPDATE_TIME) values (1,1, 2, 5,'It almost like having someone pour out an under-the-carpet knowledge in full. Angela does it for the best of her students. Someone I would be proud to verbalize as my python instructor anywhere, anytime.','2022-02-24 13:56:20.00 PDT',null);
Insert into CP_REVIEW (ID,COURSE_ID,USER_ID,RATING, CONTENT,CREATE_TIME,UPDATE_TIME) values (2,1, 3, 5,'I was zero in Python and started this course. Angela is a really good tutor as well as a guide. You will feel awesome and confident after completing this course.','2022-02-24 13:56:20.00 PDT',null);
Insert into CP_REVIEW (ID,COURSE_ID,USER_ID,RATING, CONTENT,CREATE_TIME,UPDATE_TIME) values (3,1, 4, 4,'Pity the old html videos seem to have been taken down. In my opinion they were better, especially the html personal website videos. Can these be put back up?','2022-02-24 13:56:20.00 PDT',null);
Insert into CP_REVIEW (ID,COURSE_ID,USER_ID,RATING, CONTENT,CREATE_TIME,UPDATE_TIME) values (4,2, 1, 5,'Maybe there could have been videos for the projects too since the documentation of few websites are too old. Rest all were just too good','2022-02-24 13:56:20.00 PDT',null);
Insert into CP_REVIEW (ID,COURSE_ID,USER_ID,RATING, CONTENT,CREATE_TIME,UPDATE_TIME) values (5,2, 5, 4,'One thing this course could use is EDITING, because there''s a lot of unnecessary things (i.e creating the project folder over over again for each project.).','2022-02-24 13:56:20.00 PDT',null);
Insert into CP_REVIEW (ID,COURSE_ID,USER_ID,RATING, CONTENT,CREATE_TIME,UPDATE_TIME) values (6,2, 2, 4,'I want typeScript included','2022-02-24 13:56:20.00 PDT',null);
Insert into CP_REVIEW (ID,COURSE_ID,USER_ID,RATING, CONTENT,CREATE_TIME,UPDATE_TIME) values (7,3, 3, 5,'The best teacher in the world. The courses are detailed with lots of examples and ways of thinking','2022-02-24 13:56:20.00 PDT',null);
Insert into CP_REVIEW (ID,COURSE_ID,USER_ID,RATING, CONTENT,CREATE_TIME,UPDATE_TIME) values (8,3, 7, 5,'Fantastic course, was a breakthrough in my coding journey and after completing this course it''s made me excited to keep learning and applying the knowledge. Thank you!','2022-02-24 13:56:20.00 PDT',null);
Insert into CP_REVIEW (ID,COURSE_ID,USER_ID,RATING, CONTENT,CREATE_TIME,UPDATE_TIME) values (9,4, 5, 5,'Very detailed course and had fun doing the projects','2022-02-24 13:56:20.00 PDT',null);
Insert into CP_REVIEW (ID,COURSE_ID,USER_ID,RATING, CONTENT,CREATE_TIME,UPDATE_TIME) values (10,4, 2, 3,'When it comes to basic, it was clear. But once the complicated topics are involved, we were focused on creating only the project rather understanding the concept.','2022-02-24 13:56:20.00 PDT',null);
Insert into CP_REVIEW (ID,COURSE_ID,USER_ID,RATING, CONTENT,CREATE_TIME,UPDATE_TIME) values (11,5, 2, 3,'The course is short but feels too long. There are a lot of videos that are very short. I am not getting the sense of accomplistment that you would get normally.','2022-02-24 13:56:20.00 PDT',null);
Insert into CP_REVIEW (ID,COURSE_ID,USER_ID,RATING, CONTENT,CREATE_TIME,UPDATE_TIME) values (12,5, 4, 5,'Great way of explaining important concepts to thrives out there in the market. Concise and clear on the explanations, short on the theoretical and persisting on the practical.I enjoyed learn a new programming language with this course.','2022-02-24 13:56:20.00 PDT',null);
Insert into CP_REVIEW (ID,COURSE_ID,USER_ID,RATING, CONTENT,CREATE_TIME,UPDATE_TIME) values (13,5, 3, 4,'This is one of the most interesting yet informative courses I have done! Lectures were made easy to follow even if you do not have a course background.','2022-02-24 13:56:20.00 PDT',null);
Insert into CP_REVIEW (ID,COURSE_ID,USER_ID,RATING, CONTENT,CREATE_TIME,UPDATE_TIME) values (14,6, 2, 5,'Most of the things are well explained. This course is good for a start in Machine Learning.','2022-05-22 13:56:20.00 PDT',null);
Insert into CP_REVIEW (ID,COURSE_ID,USER_ID,RATING, CONTENT,CREATE_TIME,UPDATE_TIME) values (15,6, 1, 4,'Highly recommended! Personally, the only handicap I find is that it is outdated, but the basic principles on which it is based to operate with Jenkins remain the same and are replicable on a current version.','2022-02-24 13:56:20.00 PDT',null);
Insert into CP_REVIEW (ID,COURSE_ID,USER_ID,RATING, CONTENT,CREATE_TIME,UPDATE_TIME) values (16,7, 5, 3,'Was struggling with Digital Ocean, at least try to instruct on alternatives you mentioned for how to use docker without Digital Ocean, don''t just refer them.','2022-02-24 13:56:20.00 PDT',null);
Insert into CP_REVIEW (ID,COURSE_ID,USER_ID,RATING, CONTENT,CREATE_TIME,UPDATE_TIME) values (17,7, 2, 5,'This course actually gets down to details that the other CI/CD course that I took did not. It covered Jenkins and Blue Ocean, Gradle, Git, Java, SSH-Agent, Artifactory, and Security. I highly recommend this course.','2022-02-24 13:56:20.00 PDT',null);
Insert into CP_REVIEW (ID,COURSE_ID,USER_ID,RATING, CONTENT,CREATE_TIME,UPDATE_TIME) values (18,8, 2, 5,'太感謝你發的這一系列的影片  我真的受益良多阿!!另外有個小小建議:影片標題可以標註一下集數，Youtube自動撥放下一集萬一跳號了比較好發現唷','2022-02-24 13:56:20.00 PDT',null);
Insert into CP_REVIEW (ID,COURSE_ID,USER_ID,RATING, CONTENT,CREATE_TIME,UPDATE_TIME) values (19,8, 4, 4,'很喜歡你的影片，學會了，本來還想不到學啥，看了你的影片就想學','2022-05-14 13:56:20.00 PDT',null);
Insert into CP_REVIEW (ID,COURSE_ID,USER_ID,RATING, CONTENT,CREATE_TIME,UPDATE_TIME) values (20,8, 3, 5,'謝謝影片超讚!在搜索框內可以輸入跳出視窗好神啊😮','2022-02-24 13:56:20.00 PDT',null);
Insert into CP_REVIEW (ID,COURSE_ID,USER_ID,RATING, CONTENT,CREATE_TIME,UPDATE_TIME) values (21,9, 4, 3,'Great course, but not all were in unreal engine 5 and the teacher for the simple shooter game was taught quickly which lead me to have difficulty following.','2022-02-24 13:56:20.00 PDT',null);
Insert into CP_REVIEW (ID,COURSE_ID,USER_ID,RATING, CONTENT,CREATE_TIME,UPDATE_TIME) values (22,9, 2, 5,'I could not write anything down, because I had just started at the time of reviewing. I''m on section 03, lesson 59 now. I already know C/C++, but I''m completely new to UE and I can say the course is really cool for all levels. Mike, the instructor for the Bull Cows section, seems to be a really nice guy to chat with and catch up! Congratulations!','2022-02-24 13:56:20.00 PDT',null);
Insert into CP_REVIEW (ID,COURSE_ID,USER_ID,RATING, CONTENT,CREATE_TIME,UPDATE_TIME) values (23,10, 1, 4,'gostei muito. indico para pessoas com nivel iniciante, que desejam iniciar na jornada do aprendizado de programação na linguagem c.','2022-06-27 13:56:20.00 PDT',null);
Insert into CP_REVIEW (ID,COURSE_ID,USER_ID,RATING, CONTENT,CREATE_TIME,UPDATE_TIME) values (24,10, 3, 5,'Muito além do que eu esperava, bastante exercícios para praticar, estou satisfeito.','2022-02-24 13:56:20.00 PDT',null);
Insert into CP_REVIEW (ID,COURSE_ID,USER_ID,RATING, CONTENT,CREATE_TIME,UPDATE_TIME) values (25,11, 2, 4,'The course was fully explained with detailed example. Really thanks from bottom of my heart for such great content.','2022-12-03 13:56:20.00 PDT',null);
Insert into CP_REVIEW (ID,COURSE_ID,USER_ID,RATING, CONTENT,CREATE_TIME,UPDATE_TIME) values (26,11, 13, 5,'Me gusto el curso, Tod explica de una manera sencilla y digerible, estoy aprendiendo go desde cero y creo que con este curso he hecho buen progreso en aprender este gran lenguaje de programacion','2022-07-22 13:56:20.00 PDT',null);




Insert into CP_PROFILE_IMAGE (ID,USER_ID,FILE_NAME,FILE_PATH,FILE_SIZE,S3_OBJECT_KEY,UPLOAD_TIME) values (1,1,'admin-profile','https://d11n69elptcvjq.cloudfront.net/profile-image/admin-profile.jpg',33229,'profile-image/admin-profile','2022-05-22 18:00:00.00 PDT');
Insert into CP_PROFILE_IMAGE (ID,USER_ID,FILE_NAME,FILE_PATH,FILE_SIZE,S3_OBJECT_KEY,UPLOAD_TIME) values (2,3,'MaximilianSchwarzmüller','https://d11n69elptcvjq.cloudfront.net/profile-image/MaximilianSchwarzmüller.jpg',20582,'profile-image/MaximilianSchwarzmüller','2022-05-22 18:00:00.00 PDT');
Insert into CP_PROFILE_IMAGE (ID,USER_ID,FILE_NAME,FILE_PATH,FILE_SIZE,S3_OBJECT_KEY,UPLOAD_TIME) values (3,4,'SandeepKaul','https://d11n69elptcvjq.cloudfront.net/profile-image/SandeepKaul.jpg',18432,'profile-image/SandeepKaul','2022-07-12 18:00:00.00 PDT');
Insert into CP_PROFILE_IMAGE (ID,USER_ID,FILE_NAME,FILE_PATH,FILE_SIZE,S3_OBJECT_KEY,UPLOAD_TIME) values (4,5,'AngelaYu','https://d11n69elptcvjq.cloudfront.net/profile-image/AngelaYu.jpg',11264,'profile-image/AngelaYu','2023-01-21 18:00:00.00 PDT');
Insert into CP_PROFILE_IMAGE (ID,USER_ID,FILE_NAME,FILE_PATH,FILE_SIZE,S3_OBJECT_KEY,UPLOAD_TIME) values (5,6,'MoshHamedani','https://d11n69elptcvjq.cloudfront.net/profile-image/MoshHamedani.jpg',27443,'profile-image/MoshHamedani','2023-01-21 18:00:00.00 PDT');
Insert into CP_PROFILE_IMAGE (ID,USER_ID,FILE_NAME,FILE_PATH,FILE_SIZE,S3_OBJECT_KEY,UPLOAD_TIME) values (6,7,'KirillEremenko','https://d11n69elptcvjq.cloudfront.net/profile-image/KirillEremenko.jpg',27443,'profile-image/KirillEremenko','2023-01-21 18:00:00.00 PDT');
Insert into CP_PROFILE_IMAGE (ID,USER_ID,FILE_NAME,FILE_PATH,FILE_SIZE,S3_OBJECT_KEY,UPLOAD_TIME) values (7,8,'EdwardViaene','https://d11n69elptcvjq.cloudfront.net/profile-image/EdwardViaene.jpg',27443,'profile-image/EdwardViaene','2023-01-21 18:00:00.00 PDT');
Insert into CP_PROFILE_IMAGE (ID,USER_ID,FILE_NAME,FILE_PATH,FILE_SIZE,S3_OBJECT_KEY,UPLOAD_TIME) values (8,9,'WenxuanHo','https://d11n69elptcvjq.cloudfront.net/profile-image/WenxuanHo.jpg',27443,'profile-image/WenxuanHo','2023-01-21 18:00:00.00 PDT');
Insert into CP_PROFILE_IMAGE (ID,USER_ID,FILE_NAME,FILE_PATH,FILE_SIZE,S3_OBJECT_KEY,UPLOAD_TIME) values (9,10,'BenTristem','https://d11n69elptcvjq.cloudfront.net/profile-image/BenTristem.jpg',27443,'profile-image/BenTristem','2023-01-21 18:00:00.00 PDT');
Insert into CP_PROFILE_IMAGE (ID,USER_ID,FILE_NAME,FILE_PATH,FILE_SIZE,S3_OBJECT_KEY,UPLOAD_TIME) values (10,11,'AntonioHenrique','https://d11n69elptcvjq.cloudfront.net/profile-image/AntonioHenrique.jpg',27443,'profile-image/AntonioHenrique','2023-01-21 18:00:00.00 PDT');
Insert into CP_PROFILE_IMAGE (ID,USER_ID,FILE_NAME,FILE_PATH,FILE_SIZE,S3_OBJECT_KEY,UPLOAD_TIME) values (11,12,'ToddMcLeod','https://d11n69elptcvjq.cloudfront.net/profile-image/ToddMcLeod.jpg',27443,'profile-image/ToddMcLeod','2023-01-21 18:00:00.00 PDT');




Insert into CP_COURSE_IMAGE (ID,COURSE_ID,FILE_NAME,FILE_PATH,FILE_SIZE,S3_OBJECT_KEY,UPLOAD_TIME) values (1,1,'1','https://d11n69elptcvjq.cloudfront.net/course-image/1.jpg',106496,'course-image/1','2022-05-22 19:00:00.00 PDT');
Insert into CP_COURSE_IMAGE (ID,COURSE_ID,FILE_NAME,FILE_PATH,FILE_SIZE,S3_OBJECT_KEY,UPLOAD_TIME) values (2,2,'2','https://d11n69elptcvjq.cloudfront.net/course-image/2.jpg',32973,'course-image/2','2022-05-22 19:00:00.00 PDT');
Insert into CP_COURSE_IMAGE (ID,COURSE_ID,FILE_NAME,FILE_PATH,FILE_SIZE,S3_OBJECT_KEY,UPLOAD_TIME) values (3,3,'3','https://d11n69elptcvjq.cloudfront.net/course-image/3.jpg',20275,'course-image/3','2022-07-12 19:00:00.00 PDT');
Insert into CP_COURSE_IMAGE (ID,COURSE_ID,FILE_NAME,FILE_PATH,FILE_SIZE,S3_OBJECT_KEY,UPLOAD_TIME) values (4,4,'4','https://d11n69elptcvjq.cloudfront.net/course-image/4.jpg',20890,'course-image/4','2023-01-21 19:00:00.00 PDT');
Insert into CP_COURSE_IMAGE (ID,COURSE_ID,FILE_NAME,FILE_PATH,FILE_SIZE,S3_OBJECT_KEY,UPLOAD_TIME) values (5,5,'5','https://d11n69elptcvjq.cloudfront.net/course-image/5.jpg',92100,'course-image/5','2023-01-22 19:00:00.00 PDT');
Insert into CP_COURSE_IMAGE (ID,COURSE_ID,FILE_NAME,FILE_PATH,FILE_SIZE,S3_OBJECT_KEY,UPLOAD_TIME) values (6,6,'6','https://d11n69elptcvjq.cloudfront.net/course-image/6.jpg',61849,'course-image/6','2023-01-22 19:00:00.00 PDT');
Insert into CP_COURSE_IMAGE (ID,COURSE_ID,FILE_NAME,FILE_PATH,FILE_SIZE,S3_OBJECT_KEY,UPLOAD_TIME) values (7,7,'7','https://d11n69elptcvjq.cloudfront.net/course-image/7.jpg',92100,'course-image/7','2023-01-22 19:00:00.00 PDT');
Insert into CP_COURSE_IMAGE (ID,COURSE_ID,FILE_NAME,FILE_PATH,FILE_SIZE,S3_OBJECT_KEY,UPLOAD_TIME) values (8,8,'8','https://d11n69elptcvjq.cloudfront.net/course-image/8.jpg',92100,'course-image/8','2023-01-22 19:00:00.00 PDT');
Insert into CP_COURSE_IMAGE (ID,COURSE_ID,FILE_NAME,FILE_PATH,FILE_SIZE,S3_OBJECT_KEY,UPLOAD_TIME) values (9,9,'9','https://d11n69elptcvjq.cloudfront.net/course-image/9.jpg',92100,'course-image/9','2023-01-22 19:00:00.00 PDT');
Insert into CP_COURSE_IMAGE (ID,COURSE_ID,FILE_NAME,FILE_PATH,FILE_SIZE,S3_OBJECT_KEY,UPLOAD_TIME) values (10,10,'10','https://d11n69elptcvjq.cloudfront.net/course-image/10.jpg',92100,'course-image/10','2023-01-22 19:00:00.00 PDT');
Insert into CP_COURSE_IMAGE (ID,COURSE_ID,FILE_NAME,FILE_PATH,FILE_SIZE,S3_OBJECT_KEY,UPLOAD_TIME) values (11,11,'11','https://d11n69elptcvjq.cloudfront.net/course-image/11.jpg',92100,'course-image/11','2023-01-22 19:00:00.00 PDT');






Insert into CP_LECTURE_VIDEO (ID,LECTURE_ID,FILE_NAME,FILE_PATH,FILE_SIZE,S3_OBJECT_KEY,UPLOAD_TIME) values (1,1,'1','https://www.youtube.com/embed/i3-PQ4CkU8s',20890,'lecture-video/1','2023-01-22 19:00:00.00 PDT');
Insert into CP_LECTURE_VIDEO (ID,LECTURE_ID,FILE_NAME,FILE_PATH,FILE_SIZE,S3_OBJECT_KEY,UPLOAD_TIME) values (2,2,'1','https://www.youtube.com/embed/SKF7Ue1BeW8',20890,'lecture-video/1','2023-01-22 19:00:00.00 PDT');
Insert into CP_LECTURE_VIDEO (ID,LECTURE_ID,FILE_NAME,FILE_PATH,FILE_SIZE,S3_OBJECT_KEY,UPLOAD_TIME) values (3,3,'1','https://www.youtube.com/embed/Xq7OF45cBFQ',20890,'lecture-video/1','2023-01-22 19:00:00.00 PDT');
Insert into CP_LECTURE_VIDEO (ID,LECTURE_ID,FILE_NAME,FILE_PATH,FILE_SIZE,S3_OBJECT_KEY,UPLOAD_TIME) values (4,4,'1','https://www.youtube.com/embed/3loACSxowRU',20890,'lecture-video/1','2023-01-22 19:00:00.00 PDT');
Insert into CP_LECTURE_VIDEO (ID,LECTURE_ID,FILE_NAME,FILE_PATH,FILE_SIZE,S3_OBJECT_KEY,UPLOAD_TIME) values (5,5,'1','https://www.youtube.com/embed/cODCpXtPHbQ',20890,'lecture-video/1','2023-01-22 19:00:00.00 PDT');
Insert into CP_LECTURE_VIDEO (ID,LECTURE_ID,FILE_NAME,FILE_PATH,FILE_SIZE,S3_OBJECT_KEY,UPLOAD_TIME) values (6,6,'1','https://www.youtube.com/embed/jk3yvVfNvds',20890,'lecture-video/1','2023-01-22 19:00:00.00 PDT');
Insert into CP_LECTURE_VIDEO (ID,LECTURE_ID,FILE_NAME,FILE_PATH,FILE_SIZE,S3_OBJECT_KEY,UPLOAD_TIME) values (7,7,'1','https://www.youtube.com/embed/lYoSd2WCJTo',20890,'lecture-video/1','2023-01-22 19:00:00.00 PDT');
Insert into CP_LECTURE_VIDEO (ID,LECTURE_ID,FILE_NAME,FILE_PATH,FILE_SIZE,S3_OBJECT_KEY,UPLOAD_TIME) values (8,8,'1','https://www.youtube.com/embed/EkudBdvbDhs',20890,'lecture-video/1','2023-01-22 19:00:00.00 PDT');
Insert into CP_LECTURE_VIDEO (ID,LECTURE_ID,FILE_NAME,FILE_PATH,FILE_SIZE,S3_OBJECT_KEY,UPLOAD_TIME) values (9,9,'1','https://www.youtube.com/embed/4Q2fokImKfM',20890,'lecture-video/1','2023-01-22 19:00:00.00 PDT');
Insert into CP_LECTURE_VIDEO (ID,LECTURE_ID,FILE_NAME,FILE_PATH,FILE_SIZE,S3_OBJECT_KEY,UPLOAD_TIME) values (10,10,'1','https://www.youtube.com/embed/k-NFhdpEYx0',20890,'lecture-video/1','2023-01-22 19:00:00.00 PDT');
Insert into CP_LECTURE_VIDEO (ID,LECTURE_ID,FILE_NAME,FILE_PATH,FILE_SIZE,S3_OBJECT_KEY,UPLOAD_TIME) values (11,11,'1','https://www.youtube.com/embed/tiJoJ017FvI',20890,'lecture-video/1','2023-01-22 19:00:00.00 PDT');
Insert into CP_LECTURE_VIDEO (ID,LECTURE_ID,FILE_NAME,FILE_PATH,FILE_SIZE,S3_OBJECT_KEY,UPLOAD_TIME) values (12,12,'1','https://www.youtube.com/embed/y1Kifd65kn4',20890,'lecture-video/1','2023-01-22 19:00:00.00 PDT');
Insert into CP_LECTURE_VIDEO (ID,LECTURE_ID,FILE_NAME,FILE_PATH,FILE_SIZE,S3_OBJECT_KEY,UPLOAD_TIME) values (13,13,'1','https://www.youtube.com/embed/7ooeRChpwlA',20890,'lecture-video/1','2023-01-22 19:00:00.00 PDT');
Insert into CP_LECTURE_VIDEO (ID,LECTURE_ID,FILE_NAME,FILE_PATH,FILE_SIZE,S3_OBJECT_KEY,UPLOAD_TIME) values (14,14,'1','https://www.youtube.com/embed/AVVCqyQ8bIM',20890,'lecture-video/1','2023-01-22 19:00:00.00 PDT');
Insert into CP_LECTURE_VIDEO (ID,LECTURE_ID,FILE_NAME,FILE_PATH,FILE_SIZE,S3_OBJECT_KEY,UPLOAD_TIME) values (15,15,'1','https://www.youtube.com/embed/eIrMbAQSU34',20890,'lecture-video/1','2023-01-22 19:00:00.00 PDT');
Insert into CP_LECTURE_VIDEO (ID,LECTURE_ID,FILE_NAME,FILE_PATH,FILE_SIZE,S3_OBJECT_KEY,UPLOAD_TIME) values (16,16,'1','https://www.bilibili.com/video/BV1KB4y1E73v?p=1&vd_source=0a1302224f9c982541f6d78b69a6ac24',20890,'lecture-video/1','2023-01-22 19:00:00.00 PDT');
Insert into CP_LECTURE_VIDEO (ID,LECTURE_ID,FILE_NAME,FILE_PATH,FILE_SIZE,S3_OBJECT_KEY,UPLOAD_TIME) values (17,17,'1','https://www.bilibili.com/video/BV1KB4y1E73v?p=2&vd_source=0a1302224f9c982541f6d78b69a6ac24',20890,'lecture-video/1','2023-01-22 19:00:00.00 PDT');
Insert into CP_LECTURE_VIDEO (ID,LECTURE_ID,FILE_NAME,FILE_PATH,FILE_SIZE,S3_OBJECT_KEY,UPLOAD_TIME) values (18,18,'1','https://www.bilibili.com/video/BV1KB4y1E73v?p=3&vd_source=0a1302224f9c982541f6d78b69a6ac24',20890,'lecture-video/1','2023-01-22 19:00:00.00 PDT');
Insert into CP_LECTURE_VIDEO (ID,LECTURE_ID,FILE_NAME,FILE_PATH,FILE_SIZE,S3_OBJECT_KEY,UPLOAD_TIME) values (19,19,'1','https://www.bilibili.com/video/BV1KB4y1E73v?p=4&vd_source=0a1302224f9c982541f6d78b69a6ac24',20890,'lecture-video/1','2023-01-22 19:00:00.00 PDT');
Insert into CP_LECTURE_VIDEO (ID,LECTURE_ID,FILE_NAME,FILE_PATH,FILE_SIZE,S3_OBJECT_KEY,UPLOAD_TIME) values (20,20,'1','https://www.bilibili.com/video/BV1KB4y1E73v?p=5&vd_source=0a1302224f9c982541f6d78b69a6ac24',20890,'lecture-video/1','2023-01-22 19:00:00.00 PDT');
Insert into CP_LECTURE_VIDEO (ID,LECTURE_ID,FILE_NAME,FILE_PATH,FILE_SIZE,S3_OBJECT_KEY,UPLOAD_TIME) values (21,21,'1','https://www.bilibili.com/video/BV1KB4y1E73v?p=6&vd_source=0a1302224f9c982541f6d78b69a6ac24',20890,'lecture-video/1','2023-01-22 19:00:00.00 PDT');
Insert into CP_LECTURE_VIDEO (ID,LECTURE_ID,FILE_NAME,FILE_PATH,FILE_SIZE,S3_OBJECT_KEY,UPLOAD_TIME) values (22,22,'1','https://www.youtube.com/embed/mHK1qdQ804E',20890,'lecture-video/1','2023-01-22 19:00:00.00 PDT');
Insert into CP_LECTURE_VIDEO (ID,LECTURE_ID,FILE_NAME,FILE_PATH,FILE_SIZE,S3_OBJECT_KEY,UPLOAD_TIME) values (23,23,'1','https://www.youtube.com/embed/ekxOPRMWJAE',20890,'lecture-video/1','2023-01-22 19:00:00.00 PDT');
Insert into CP_LECTURE_VIDEO (ID,LECTURE_ID,FILE_NAME,FILE_PATH,FILE_SIZE,S3_OBJECT_KEY,UPLOAD_TIME) values (24,24,'1','https://www.youtube.com/embed/7RWBlwbLc8Q',20890,'lecture-video/1','2023-01-22 19:00:00.00 PDT');
Insert into CP_LECTURE_VIDEO (ID,LECTURE_ID,FILE_NAME,FILE_PATH,FILE_SIZE,S3_OBJECT_KEY,UPLOAD_TIME) values (25,25,'1','https://www.youtube.com/embed/c7YPjDog404',20890,'lecture-video/1','2023-01-22 19:00:00.00 PDT');
Insert into CP_LECTURE_VIDEO (ID,LECTURE_ID,FILE_NAME,FILE_PATH,FILE_SIZE,S3_OBJECT_KEY,UPLOAD_TIME) values (26,26,'1','https://www.youtube.com/embed/PQoK7r4MJoQ',20890,'lecture-video/1','2023-01-22 19:00:00.00 PDT');
Insert into CP_LECTURE_VIDEO (ID,LECTURE_ID,FILE_NAME,FILE_PATH,FILE_SIZE,S3_OBJECT_KEY,UPLOAD_TIME) values (27,27,'1','https://www.youtube.com/embed/zHB1dn8FU44',20890,'lecture-video/1','2023-01-22 19:00:00.00 PDT');
Insert into CP_LECTURE_VIDEO (ID,LECTURE_ID,FILE_NAME,FILE_PATH,FILE_SIZE,S3_OBJECT_KEY,UPLOAD_TIME) values (28,28,'1','https://www.youtube.com/embed/gOPS_1jgaR4',20890,'lecture-video/1','2023-01-22 19:00:00.00 PDT');
Insert into CP_LECTURE_VIDEO (ID,LECTURE_ID,FILE_NAME,FILE_PATH,FILE_SIZE,S3_OBJECT_KEY,UPLOAD_TIME) values (29,29,'1','https://www.youtube.com/embed/7e1wQDBxxek',20890,'lecture-video/1','2023-01-22 19:00:00.00 PDT');
Insert into CP_LECTURE_VIDEO (ID,LECTURE_ID,FILE_NAME,FILE_PATH,FILE_SIZE,S3_OBJECT_KEY,UPLOAD_TIME) values (30,30,'1','https://www.youtube.com/embed/zEcNn4gWas0',20890,'lecture-video/1','2023-01-22 19:00:00.00 PDT');
Insert into CP_LECTURE_VIDEO (ID,LECTURE_ID,FILE_NAME,FILE_PATH,FILE_SIZE,S3_OBJECT_KEY,UPLOAD_TIME) values (31,31,'1','https://www.youtube.com/embed/2JElECPHQX0',20890,'lecture-video/1','2023-01-22 19:00:00.00 PDT');
Insert into CP_LECTURE_VIDEO (ID,LECTURE_ID,FILE_NAME,FILE_PATH,FILE_SIZE,S3_OBJECT_KEY,UPLOAD_TIME) values (32,32,'1','https://www.youtube.com/embed/O47Zw94K-5k',20890,'lecture-video/1','2023-01-22 19:00:00.00 PDT');
Insert into CP_LECTURE_VIDEO (ID,LECTURE_ID,FILE_NAME,FILE_PATH,FILE_SIZE,S3_OBJECT_KEY,UPLOAD_TIME) values (33,33,'1','https://www.youtube.com/embed/6_B8v3ezNZY',20890,'lecture-video/1','2023-01-22 19:00:00.00 PDT');
Insert into CP_LECTURE_VIDEO (ID,LECTURE_ID,FILE_NAME,FILE_PATH,FILE_SIZE,S3_OBJECT_KEY,UPLOAD_TIME) values (34,34,'1','https://www.youtube.com/embed/4nFMxKkbMXM',20890,'lecture-video/1','2023-01-22 19:00:00.00 PDT');
Insert into CP_LECTURE_VIDEO (ID,LECTURE_ID,FILE_NAME,FILE_PATH,FILE_SIZE,S3_OBJECT_KEY,UPLOAD_TIME) values (35,35,'1','https://www.youtube.com/embed/9JK9i3Z0FuI',20890,'lecture-video/1','2023-01-22 19:00:00.00 PDT');
Insert into CP_LECTURE_VIDEO (ID,LECTURE_ID,FILE_NAME,FILE_PATH,FILE_SIZE,S3_OBJECT_KEY,UPLOAD_TIME) values (36,36,'1','https://www.youtube.com/embed/BAgqgbOqiaU',20890,'lecture-video/1','2023-01-22 19:00:00.00 PDT');
Insert into CP_LECTURE_VIDEO (ID,LECTURE_ID,FILE_NAME,FILE_PATH,FILE_SIZE,S3_OBJECT_KEY,UPLOAD_TIME) values (37,37,'1','https://www.youtube.com/embed/JCVlC5C08TY',20890,'lecture-video/1','2023-01-22 19:00:00.00 PDT');
Insert into CP_LECTURE_VIDEO (ID,LECTURE_ID,FILE_NAME,FILE_PATH,FILE_SIZE,S3_OBJECT_KEY,UPLOAD_TIME) values (38,38,'1','https://www.youtube.com/embed/O9uUC4oMAao',20890,'lecture-video/1','2023-01-22 19:00:00.00 PDT');
Insert into CP_LECTURE_VIDEO (ID,LECTURE_ID,FILE_NAME,FILE_PATH,FILE_SIZE,S3_OBJECT_KEY,UPLOAD_TIME) values (39,39,'1','https://www.youtube.com/embed/eY6O7SstNsI',20890,'lecture-video/1','2023-01-22 19:00:00.00 PDT');
Insert into CP_LECTURE_VIDEO (ID,LECTURE_ID,FILE_NAME,FILE_PATH,FILE_SIZE,S3_OBJECT_KEY,UPLOAD_TIME) values (40,40,'1','https://www.youtube.com/embed/etSN4X_fCnM',20890,'lecture-video/1','2023-01-22 19:00:00.00 PDT');
Insert into CP_LECTURE_VIDEO (ID,LECTURE_ID,FILE_NAME,FILE_PATH,FILE_SIZE,S3_OBJECT_KEY,UPLOAD_TIME) values (41,41,'1','https://www.youtube.com/embed/RI9ngRqn9N4',20890,'lecture-video/1','2023-01-22 19:00:00.00 PDT');
Insert into CP_LECTURE_VIDEO (ID,LECTURE_ID,FILE_NAME,FILE_PATH,FILE_SIZE,S3_OBJECT_KEY,UPLOAD_TIME) values (42,42,'1','https://www.youtube.com/embed/98tQPM3R3qU',20890,'lecture-video/1','2023-01-22 19:00:00.00 PDT');
Insert into CP_LECTURE_VIDEO (ID,LECTURE_ID,FILE_NAME,FILE_PATH,FILE_SIZE,S3_OBJECT_KEY,UPLOAD_TIME) values (43,43,'1','https://www.youtube.com/embed/m1Uy0WQ2Xns',20890,'lecture-video/1','2023-01-22 19:00:00.00 PDT');
Insert into CP_LECTURE_VIDEO (ID,LECTURE_ID,FILE_NAME,FILE_PATH,FILE_SIZE,S3_OBJECT_KEY,UPLOAD_TIME) values (44,44,'1','https://www.youtube.com/embed/Arb-LjPg7FA',20890,'lecture-video/1','2023-01-22 19:00:00.00 PDT');



